0 verbose cli /usr/local/bin/node /usr/local/bin/npm
1 info using npm@11.6.2
2 info using node@v24.11.1
3 silly config load:file:/usr/local/lib/node_modules/npm/npmrc
4 silly config load:file:/Users/joaomvalente/Downloads/Trabalhos/Bicycle-WebApp/.npmrc
5 silly config load:file:/Users/joaomvalente/.npmrc
6 silly config load:file:/usr/local/etc/npmrc
7 verbose title npm install
8 verbose argv "install" "--cache" ".npm-cache"
9 verbose logfile logs-max:10 dir:/Users/joaomvalente/Downloads/Trabalhos/Bicycle-WebApp/.npm-cache/_logs/2026-04-23T12_13_06_042Z-
10 verbose logfile /Users/joaomvalente/Downloads/Trabalhos/Bicycle-WebApp/.npm-cache/_logs/2026-04-23T12_13_06_042Z-debug-0.log
11 silly logfile done cleaning log files
12 silly packumentCache heap:4496293888 maxSize:1124073472 maxEntrySize:562036736
13 silly idealTree buildDeps
14 silly fetch manifest react@^19.1.0
15 silly packumentCache full:https://registry.npmjs.org/react cache-miss
16 http fetch GET 200 https://registry.npmjs.org/npm 155ms
17 http fetch GET 200 https://registry.npmjs.org/react 206ms (cache miss)
18 silly packumentCache full:https://registry.npmjs.org/react set size:undefined disposed:false
19 silly fetch manifest react-dom@^19.1.0
20 silly packumentCache full:https://registry.npmjs.org/react-dom cache-miss
21 http fetch GET 200 https://registry.npmjs.org/react-dom 171ms (cache miss)
22 silly packumentCache full:https://registry.npmjs.org/react-dom set size:undefined disposed:false
23 silly fetch manifest xlsx-populate@^1.21.0
24 silly packumentCache full:https://registry.npmjs.org/xlsx-populate cache-miss
25 http fetch GET 200 https://registry.npmjs.org/xlsx-populate 231ms (cache miss)
26 silly packumentCache full:https://registry.npmjs.org/xlsx-populate set size:undefined disposed:false
27 silly fetch manifest @vitejs/plugin-react@^5.0.2
28 silly packumentCache full:https://registry.npmjs.org/@vitejs%2fplugin-react cache-miss
29 http fetch GET 200 https://registry.npmjs.org/@vitejs%2fplugin-react 236ms (cache miss)
30 silly packumentCache full:https://registry.npmjs.org/@vitejs%2fplugin-react set size:undefined disposed:false
31 silly fetch manifest vite@^7.1.7
32 silly packumentCache full:https://registry.npmjs.org/vite cache-miss
33 http fetch GET 200 https://registry.npmjs.org/vite 1180ms (cache miss)
34 silly packumentCache full:https://registry.npmjs.org/vite set size:undefined disposed:false
35 silly fetch manifest @types/node@^20.19.0 || >=22.12.0
36 silly packumentCache full:https://registry.npmjs.org/@types%2fnode cache-miss
37 http fetch GET 200 https://registry.npmjs.org/@types%2fnode 175ms (cache miss)
38 silly packumentCache full:https://registry.npmjs.org/@types%2fnode set size:undefined disposed:false
39 silly fetch manifest jiti@>=1.21.0
40 silly packumentCache full:https://registry.npmjs.org/jiti cache-miss
41 http fetch GET 200 https://registry.npmjs.org/jiti 40ms (cache miss)
42 silly packumentCache full:https://registry.npmjs.org/jiti set size:undefined disposed:false
43 silly fetch manifest less@^4.0.0
44 silly packumentCache full:https://registry.npmjs.org/less cache-miss
45 http fetch GET 200 https://registry.npmjs.org/less 35ms (cache miss)
46 silly packumentCache full:https://registry.npmjs.org/less set size:undefined disposed:false
47 silly fetch manifest lightningcss@^1.21.0
48 silly packumentCache full:https://registry.npmjs.org/lightningcss cache-miss
49 http fetch GET 200 https://registry.npmjs.org/lightningcss 37ms (cache miss)
50 silly packumentCache full:https://registry.npmjs.org/lightningcss set size:undefined disposed:false
51 silly fetch manifest sass@^1.70.0
52 silly packumentCache full:https://registry.npmjs.org/sass cache-miss
53 http fetch GET 200 https://registry.npmjs.org/sass 51ms (cache miss)
54 silly packumentCache full:https://registry.npmjs.org/sass set size:undefined disposed:false
55 silly fetch manifest sass-embedded@^1.70.0
56 silly packumentCache full:https://registry.npmjs.org/sass-embedded cache-miss
57 http fetch GET 200 https://registry.npmjs.org/sass-embedded 39ms (cache miss)
58 silly packumentCache full:https://registry.npmjs.org/sass-embedded set size:undefined disposed:false
59 silly fetch manifest stylus@>=0.54.8
60 silly packumentCache full:https://registry.npmjs.org/stylus cache-miss
61 http fetch GET 200 https://registry.npmjs.org/stylus 32ms (cache miss)
62 silly packumentCache full:https://registry.npmjs.org/stylus set size:undefined disposed:false
63 silly fetch manifest sugarss@^5.0.0
64 silly packumentCache full:https://registry.npmjs.org/sugarss cache-miss
65 http fetch GET 200 https://registry.npmjs.org/sugarss 32ms (cache miss)
66 silly packumentCache full:https://registry.npmjs.org/sugarss set size:undefined disposed:false
67 silly fetch manifest postcss@^8.3.3
68 silly packumentCache full:https://registry.npmjs.org/postcss cache-miss
69 http fetch GET 200 https://registry.npmjs.org/postcss 43ms (cache miss)
70 silly packumentCache full:https://registry.npmjs.org/postcss set size:undefined disposed:false
71 silly fetch manifest terser@^5.16.0
72 silly packumentCache full:https://registry.npmjs.org/terser cache-miss
73 http fetch GET 200 https://registry.npmjs.org/terser 51ms (cache miss)
74 silly packumentCache full:https://registry.npmjs.org/terser set size:undefined disposed:false
75 silly fetch manifest tsx@^4.8.1
76 silly packumentCache full:https://registry.npmjs.org/tsx cache-miss
77 http fetch GET 200 https://registry.npmjs.org/tsx 33ms (cache miss)
78 silly packumentCache full:https://registry.npmjs.org/tsx set size:undefined disposed:false
79 silly fetch manifest yaml@^2.4.2
80 silly packumentCache full:https://registry.npmjs.org/yaml cache-miss
81 http fetch GET 200 https://registry.npmjs.org/yaml 34ms (cache miss)
82 silly packumentCache full:https://registry.npmjs.org/yaml set size:undefined disposed:false
83 silly placeDep ROOT @vitejs/plugin-react@5.2.0 OK for: bicycle-webapp@0.0.0 want: ^5.0.2
84 silly placeDep ROOT vite@7.3.2 OK for: @vitejs/plugin-react@5.2.0 want: ^4.2.0 || ^5.0.0 || ^6.0.0 || ^7.0.0 || ^8.0.0
85 silly placeDep ROOT react@19.2.5 OK for: bicycle-webapp@0.0.0 want: ^19.1.0
86 silly placeDep ROOT react-dom@19.2.5 OK for: bicycle-webapp@0.0.0 want: ^19.1.0
87 silly placeDep ROOT xlsx-populate@1.21.0 OK for: bicycle-webapp@0.0.0 want: ^1.21.0
88 silly fetch manifest @babel/core@^7.29.0
89 silly packumentCache full:https://registry.npmjs.org/@babel%2fcore cache-miss
90 silly fetch manifest react-refresh@^0.18.0
91 silly packumentCache full:https://registry.npmjs.org/react-refresh cache-miss
92 silly fetch manifest @types/babel__core@^7.20.5
93 silly packumentCache full:https://registry.npmjs.org/@types%2fbabel__core cache-miss
94 silly fetch manifest @rolldown/pluginutils@1.0.0-rc.3
95 silly packumentCache full:https://registry.npmjs.org/@rolldown%2fpluginutils cache-miss
96 silly fetch manifest @babel/plugin-transform-react-jsx-self@^7.27.1
97 silly packumentCache full:https://registry.npmjs.org/@babel%2fplugin-transform-react-jsx-self cache-miss
98 silly fetch manifest @babel/plugin-transform-react-jsx-source@^7.27.1
99 silly packumentCache full:https://registry.npmjs.org/@babel%2fplugin-transform-react-jsx-source cache-miss
100 silly fetch manifest fdir@^6.5.0
101 silly packumentCache full:https://registry.npmjs.org/fdir cache-miss
102 silly fetch manifest rollup@^4.43.0
103 silly packumentCache full:https://registry.npmjs.org/rollup cache-miss
104 silly fetch manifest esbuild@^0.27.0
105 silly packumentCache full:https://registry.npmjs.org/esbuild cache-miss
106 http fetch GET 200 https://registry.npmjs.org/@babel%2fcore 59ms (cache miss)
107 silly packumentCache full:https://registry.npmjs.org/@babel%2fcore set size:undefined disposed:false
108 silly fetch manifest postcss@^8.5.6
109 silly packumentCache full:https://registry.npmjs.org/postcss cache-miss
110 http cache https://registry.npmjs.org/postcss 4ms (cache hit)
111 silly packumentCache full:https://registry.npmjs.org/postcss set size:708244 disposed:false
112 silly fetch manifest picomatch@^4.0.3
113 silly packumentCache full:https://registry.npmjs.org/picomatch cache-miss
114 http fetch GET 200 https://registry.npmjs.org/fdir 81ms (cache miss)
115 silly packumentCache full:https://registry.npmjs.org/fdir set size:undefined disposed:false
116 silly fetch manifest tinyglobby@^0.2.15
117 silly packumentCache full:https://registry.npmjs.org/tinyglobby cache-miss
118 http fetch GET 200 https://registry.npmjs.org/@rolldown%2fpluginutils 91ms (cache miss)
119 silly packumentCache full:https://registry.npmjs.org/@rolldown%2fpluginutils set size:undefined disposed:false
120 silly fetch manifest fsevents@~2.3.3
121 silly packumentCache full:https://registry.npmjs.org/fsevents cache-miss
122 http fetch GET 200 https://registry.npmjs.org/@babel%2fplugin-transform-react-jsx-self 96ms (cache miss)
123 silly packumentCache full:https://registry.npmjs.org/@babel%2fplugin-transform-react-jsx-self set size:undefined disposed:false
124 silly fetch manifest scheduler@^0.27.0
125 silly packumentCache full:https://registry.npmjs.org/scheduler cache-miss
126 http fetch GET 200 https://registry.npmjs.org/@types%2fbabel__core 98ms (cache miss)
127 silly packumentCache full:https://registry.npmjs.org/@types%2fbabel__core set size:undefined disposed:false
128 silly fetch manifest cfb@^1.1.3
129 silly packumentCache full:https://registry.npmjs.org/cfb cache-miss
130 http fetch GET 200 https://registry.npmjs.org/picomatch 38ms (cache miss)
131 silly packumentCache full:https://registry.npmjs.org/picomatch set size:undefined disposed:false
132 silly fetch manifest sax@^1.2.4
133 silly packumentCache full:https://registry.npmjs.org/sax cache-miss
134 http fetch GET 200 https://registry.npmjs.org/@babel%2fplugin-transform-react-jsx-source 107ms (cache miss)
135 silly packumentCache full:https://registry.npmjs.org/@babel%2fplugin-transform-react-jsx-source set size:undefined disposed:false
136 silly fetch manifest jszip@^3.2.2
137 silly packumentCache full:https://registry.npmjs.org/jszip cache-miss
138 http fetch GET 200 https://registry.npmjs.org/tinyglobby 28ms (cache miss)
139 silly packumentCache full:https://registry.npmjs.org/tinyglobby set size:undefined disposed:false
140 silly fetch manifest lodash@^4.17.15
141 silly packumentCache full:https://registry.npmjs.org/lodash cache-miss
142 http fetch GET 200 https://registry.npmjs.org/fsevents 36ms (cache miss)
143 silly packumentCache full:https://registry.npmjs.org/fsevents set size:undefined disposed:false
144 http fetch GET 200 https://registry.npmjs.org/sax 53ms (cache miss)
145 silly packumentCache full:https://registry.npmjs.org/sax set size:undefined disposed:false
146 http fetch GET 200 https://registry.npmjs.org/jszip 51ms (cache miss)
147 silly packumentCache full:https://registry.npmjs.org/jszip set size:undefined disposed:false
148 http fetch GET 200 https://registry.npmjs.org/lodash 51ms (cache miss)
149 silly packumentCache full:https://registry.npmjs.org/lodash set size:undefined disposed:false
150 http fetch GET 200 https://registry.npmjs.org/esbuild 163ms (cache miss)
151 silly packumentCache full:https://registry.npmjs.org/esbuild set size:undefined disposed:false
152 http fetch GET 200 https://registry.npmjs.org/react-refresh 173ms (cache miss)
153 silly packumentCache full:https://registry.npmjs.org/react-refresh set size:undefined disposed:false
154 http fetch GET 200 https://registry.npmjs.org/rollup 197ms (cache miss)
155 silly packumentCache full:https://registry.npmjs.org/rollup set size:undefined disposed:false
156 http fetch GET 200 https://registry.npmjs.org/scheduler 177ms (cache miss)
157 silly packumentCache full:https://registry.npmjs.org/scheduler set size:undefined disposed:false
158 http fetch GET 200 https://registry.npmjs.org/cfb 220ms (cache miss)
159 silly packumentCache full:https://registry.npmjs.org/cfb set size:undefined disposed:false
160 silly placeDep ROOT @babel/core@7.29.0 OK for: @vitejs/plugin-react@5.2.0 want: ^7.29.0
161 silly placeDep ROOT @babel/plugin-transform-react-jsx-self@7.27.1 OK for: @vitejs/plugin-react@5.2.0 want: ^7.27.1
162 silly placeDep ROOT @babel/plugin-transform-react-jsx-source@7.27.1 OK for: @vitejs/plugin-react@5.2.0 want: ^7.27.1
163 silly placeDep ROOT @rolldown/pluginutils@1.0.0-rc.3 OK for: @vitejs/plugin-react@5.2.0 want: 1.0.0-rc.3
164 silly placeDep ROOT @types/babel__core@7.20.5 OK for: @vitejs/plugin-react@5.2.0 want: ^7.20.5
165 silly placeDep ROOT react-refresh@0.18.0 OK for: @vitejs/plugin-react@5.2.0 want: ^0.18.0
166 silly fetch manifest debug@^4.1.0
167 silly packumentCache full:https://registry.npmjs.org/debug cache-miss
168 silly fetch manifest json5@^2.2.3
169 silly packumentCache full:https://registry.npmjs.org/json5 cache-miss
170 silly fetch manifest semver@^6.3.1
171 silly packumentCache full:https://registry.npmjs.org/semver cache-miss
172 silly fetch manifest gensync@^1.0.0-beta.2
173 silly packumentCache full:https://registry.npmjs.org/gensync cache-miss
174 silly fetch manifest @babel/types@^7.29.0
175 silly packumentCache full:https://registry.npmjs.org/@babel%2ftypes cache-miss
176 silly fetch manifest @babel/parser@^7.29.0
177 silly packumentCache full:https://registry.npmjs.org/@babel%2fparser cache-miss
178 silly fetch manifest @babel/helpers@^7.28.6
179 silly packumentCache full:https://registry.npmjs.org/@babel%2fhelpers cache-miss
180 silly fetch manifest @babel/template@^7.28.6
181 silly packumentCache full:https://registry.npmjs.org/@babel%2ftemplate cache-miss
182 silly fetch manifest @babel/traverse@^7.29.0
183 silly packumentCache full:https://registry.npmjs.org/@babel%2ftraverse cache-miss
184 http fetch GET 200 https://registry.npmjs.org/gensync 42ms (cache miss)
185 silly packumentCache full:https://registry.npmjs.org/gensync set size:undefined disposed:false
186 silly fetch manifest @babel/generator@^7.29.0
187 silly packumentCache full:https://registry.npmjs.org/@babel%2fgenerator cache-miss
188 http fetch GET 200 https://registry.npmjs.org/json5 44ms (cache miss)
189 silly packumentCache full:https://registry.npmjs.org/json5 set size:undefined disposed:false
190 silly fetch manifest @babel/code-frame@^7.29.0
191 silly packumentCache full:https://registry.npmjs.org/@babel%2fcode-frame cache-miss
192 http fetch GET 200 https://registry.npmjs.org/semver 45ms (cache miss)
193 silly packumentCache full:https://registry.npmjs.org/semver set size:undefined disposed:false
194 silly fetch manifest convert-source-map@^2.0.0
195 silly packumentCache full:https://registry.npmjs.org/convert-source-map cache-miss
196 http fetch GET 200 https://registry.npmjs.org/debug 47ms (cache miss)
197 silly packumentCache full:https://registry.npmjs.org/debug set size:undefined disposed:false
198 silly fetch manifest @jridgewell/remapping@^2.3.5
199 silly packumentCache full:https://registry.npmjs.org/@jridgewell%2fremapping cache-miss
200 http fetch GET 200 https://registry.npmjs.org/@babel%2ftemplate 49ms (cache miss)
201 silly packumentCache full:https://registry.npmjs.org/@babel%2ftemplate set size:undefined disposed:false
202 silly fetch manifest @babel/helper-module-transforms@^7.28.6
203 silly packumentCache full:https://registry.npmjs.org/@babel%2fhelper-module-transforms cache-miss
204 http fetch GET 200 https://registry.npmjs.org/@babel%2fhelpers 56ms (cache miss)
205 silly packumentCache full:https://registry.npmjs.org/@babel%2fhelpers set size:undefined disposed:false
206 silly fetch manifest @babel/helper-compilation-targets@^7.28.6
207 silly packumentCache full:https://registry.npmjs.org/@babel%2fhelper-compilation-targets cache-miss
208 http fetch GET 200 https://registry.npmjs.org/@babel%2ftraverse 62ms (cache miss)
209 silly packumentCache full:https://registry.npmjs.org/@babel%2ftraverse set size:undefined disposed:false
210 silly fetch manifest @babel/helper-plugin-utils@^7.27.1
211 silly packumentCache full:https://registry.npmjs.org/@babel%2fhelper-plugin-utils cache-miss
212 http fetch GET 200 https://registry.npmjs.org/@babel%2fparser 66ms (cache miss)
213 silly packumentCache full:https://registry.npmjs.org/@babel%2fparser set size:undefined disposed:false
214 silly fetch manifest @babel/helper-plugin-utils@^7.27.1
215 silly packumentCache full:https://registry.npmjs.org/@babel%2fhelper-plugin-utils cache-miss
216 http fetch GET 200 https://registry.npmjs.org/@babel%2ftypes 70ms (cache miss)
217 silly packumentCache full:https://registry.npmjs.org/@babel%2ftypes set size:undefined disposed:false
218 silly fetch manifest @babel/types@^7.20.7
219 silly packumentCache full:https://registry.npmjs.org/@babel%2ftypes cache-miss
220 http cache https://registry.npmjs.org/@babel%2ftypes 2ms (cache hit)
221 silly packumentCache full:https://registry.npmjs.org/@babel%2ftypes set size:487885 disposed:false
222 silly fetch manifest @babel/parser@^7.20.7
223 silly packumentCache full:https://registry.npmjs.org/@babel%2fparser cache-miss
224 http cache https://registry.npmjs.org/@babel%2fparser 2ms (cache hit)
225 silly packumentCache full:https://registry.npmjs.org/@babel%2fparser set size:718758 disposed:false
226 silly fetch manifest @types/babel__template@*
227 silly packumentCache full:https://registry.npmjs.org/@types%2fbabel__template cache-miss
228 http fetch GET 200 https://registry.npmjs.org/convert-source-map 34ms (cache miss)
229 silly packumentCache full:https://registry.npmjs.org/convert-source-map set size:undefined disposed:false
230 silly fetch manifest @types/babel__traverse@*
231 silly packumentCache full:https://registry.npmjs.org/@types%2fbabel__traverse cache-miss
232 http fetch GET 200 https://registry.npmjs.org/@babel%2fcode-frame 39ms (cache miss)
233 silly packumentCache full:https://registry.npmjs.org/@babel%2fcode-frame set size:undefined disposed:false
234 silly fetch manifest @types/babel__generator@*
235 silly packumentCache full:https://registry.npmjs.org/@types%2fbabel__generator cache-miss
236 http fetch GET 200 https://registry.npmjs.org/@jridgewell%2fremapping 41ms (cache miss)
237 silly packumentCache full:https://registry.npmjs.org/@jridgewell%2fremapping set size:undefined disposed:false
238 http fetch GET 200 https://registry.npmjs.org/@babel%2fgenerator 50ms (cache miss)
239 silly packumentCache full:https://registry.npmjs.org/@babel%2fgenerator set size:undefined disposed:false
240 http fetch GET 200 https://registry.npmjs.org/@babel%2fhelper-module-transforms 44ms (cache miss)
241 silly packumentCache full:https://registry.npmjs.org/@babel%2fhelper-module-transforms set size:undefined disposed:false
242 http fetch GET 200 https://registry.npmjs.org/@babel%2fhelper-plugin-utils 55ms (cache miss)
243 silly packumentCache full:https://registry.npmjs.org/@babel%2fhelper-plugin-utils set size:undefined disposed:false
244 http fetch GET 200 https://registry.npmjs.org/@babel%2fhelper-plugin-utils 59ms (cache miss)
245 silly packumentCache full:https://registry.npmjs.org/@babel%2fhelper-plugin-utils set size:undefined disposed:false
246 http fetch GET 200 https://registry.npmjs.org/@babel%2fhelper-compilation-targets 67ms (cache miss)
247 silly packumentCache full:https://registry.npmjs.org/@babel%2fhelper-compilation-targets set size:undefined disposed:false
248 http fetch GET 200 https://registry.npmjs.org/@types%2fbabel__generator 41ms (cache miss)
249 silly packumentCache full:https://registry.npmjs.org/@types%2fbabel__generator set size:undefined disposed:false
250 http fetch GET 200 https://registry.npmjs.org/@types%2fbabel__traverse 44ms (cache miss)
251 silly packumentCache full:https://registry.npmjs.org/@types%2fbabel__traverse set size:undefined disposed:false
252 http fetch GET 200 https://registry.npmjs.org/@types%2fbabel__template 48ms (cache miss)
253 silly packumentCache full:https://registry.npmjs.org/@types%2fbabel__template set size:undefined disposed:false
254 silly fetch manifest @babel/core@^7.0.0
255 silly packumentCache full:https://registry.npmjs.org/@babel%2fcore cache-miss
256 http cache https://registry.npmjs.org/@babel%2fcore 1ms (cache hit)
257 silly packumentCache full:https://registry.npmjs.org/@babel%2fcore set size:760113 disposed:false
258 silly placeDep ROOT @babel/code-frame@7.29.0 OK for: @babel/core@7.29.0 want: ^7.29.0
259 silly placeDep ROOT @babel/generator@7.29.1 OK for: @babel/core@7.29.0 want: ^7.29.0
260 silly placeDep ROOT @babel/helper-compilation-targets@7.28.6 OK for: @babel/core@7.29.0 want: ^7.28.6
261 silly placeDep ROOT @babel/helper-module-transforms@7.28.6 OK for: @babel/core@7.29.0 want: ^7.28.6
262 silly placeDep ROOT @babel/helpers@7.29.2 OK for: @babel/core@7.29.0 want: ^7.28.6
263 silly placeDep ROOT @babel/parser@7.29.2 OK for: @babel/core@7.29.0 want: ^7.29.0
264 silly placeDep ROOT @babel/template@7.28.6 OK for: @babel/core@7.29.0 want: ^7.28.6
265 silly placeDep ROOT @babel/traverse@7.29.0 OK for: @babel/core@7.29.0 want: ^7.29.0
266 silly placeDep ROOT @babel/types@7.29.0 OK for: @babel/core@7.29.0 want: ^7.29.0
267 silly placeDep ROOT @jridgewell/remapping@2.3.5 OK for: @babel/core@7.29.0 want: ^2.3.5
268 silly placeDep ROOT convert-source-map@2.0.0 OK for: @babel/core@7.29.0 want: ^2.0.0
269 silly placeDep ROOT debug@4.4.3 OK for: @babel/core@7.29.0 want: ^4.1.0
270 silly placeDep ROOT gensync@1.0.0-beta.2 OK for: @babel/core@7.29.0 want: ^1.0.0-beta.2
271 silly placeDep ROOT json5@2.2.3 OK for: @babel/core@7.29.0 want: ^2.2.3
272 silly placeDep ROOT semver@6.3.1 OK for: @babel/core@7.29.0 want: ^6.3.1
273 silly fetch manifest js-tokens@^4.0.0
274 silly packumentCache full:https://registry.npmjs.org/js-tokens cache-miss
275 silly fetch manifest picocolors@^1.1.1
276 silly packumentCache full:https://registry.npmjs.org/picocolors cache-miss
277 silly fetch manifest @babel/helper-validator-identifier@^7.28.5
278 silly packumentCache full:https://registry.npmjs.org/@babel%2fhelper-validator-identifier cache-miss
279 silly fetch manifest jsesc@^3.0.2
280 silly packumentCache full:https://registry.npmjs.org/jsesc cache-miss
281 silly fetch manifest @jridgewell/gen-mapping@^0.3.12
282 silly packumentCache full:https://registry.npmjs.org/@jridgewell%2fgen-mapping cache-miss
283 silly fetch manifest @jridgewell/trace-mapping@^0.3.28
284 silly packumentCache full:https://registry.npmjs.org/@jridgewell%2ftrace-mapping cache-miss
285 silly fetch manifest lru-cache@^5.1.1
286 silly packumentCache full:https://registry.npmjs.org/lru-cache cache-miss
287 silly fetch manifest browserslist@^4.24.0
288 silly packumentCache full:https://registry.npmjs.org/browserslist cache-miss
289 silly fetch manifest @babel/compat-data@^7.28.6
290 silly packumentCache full:https://registry.npmjs.org/@babel%2fcompat-data cache-miss
291 http fetch GET 200 https://registry.npmjs.org/picocolors 37ms (cache miss)
292 silly packumentCache full:https://registry.npmjs.org/picocolors set size:undefined disposed:false
293 silly fetch manifest @babel/helper-validator-option@^7.27.1
294 silly packumentCache full:https://registry.npmjs.org/@babel%2fhelper-validator-option cache-miss
295 http fetch GET 200 https://registry.npmjs.org/jsesc 40ms (cache miss)
296 silly packumentCache full:https://registry.npmjs.org/jsesc set size:undefined disposed:false
297 silly fetch manifest @babel/traverse@^7.28.6
298 silly packumentCache full:https://registry.npmjs.org/@babel%2ftraverse cache-miss
299 http cache https://registry.npmjs.org/@babel%2ftraverse 2ms (cache hit)
300 silly packumentCache full:https://registry.npmjs.org/@babel%2ftraverse set size:548722 disposed:false
301 silly fetch manifest @babel/helper-module-imports@^7.28.6
302 silly packumentCache full:https://registry.npmjs.org/@babel%2fhelper-module-imports cache-miss
303 http fetch GET 200 https://registry.npmjs.org/js-tokens 43ms (cache miss)
304 silly packumentCache full:https://registry.npmjs.org/js-tokens set size:undefined disposed:false
305 silly fetch manifest @babel/helper-validator-identifier@^7.28.5
306 silly packumentCache full:https://registry.npmjs.org/@babel%2fhelper-validator-identifier cache-miss
307 http fetch GET 200 https://registry.npmjs.org/@babel%2fhelper-validator-identifier 54ms (cache miss)
308 silly packumentCache full:https://registry.npmjs.org/@babel%2fhelper-validator-identifier set size:undefined disposed:false
309 silly fetch manifest @babel/types@^7.28.6
310 silly packumentCache full:https://registry.npmjs.org/@babel%2ftypes cache-hit
311 silly fetch manifest debug@^4.3.1
312 silly packumentCache full:https://registry.npmjs.org/debug cache-miss
313 http fetch GET 200 https://registry.npmjs.org/@jridgewell%2fgen-mapping 56ms (cache miss)
314 silly packumentCache full:https://registry.npmjs.org/@jridgewell%2fgen-mapping set size:undefined disposed:false
315 silly fetch manifest @babel/helper-globals@^7.28.0
316 silly packumentCache full:https://registry.npmjs.org/@babel%2fhelper-globals cache-miss
317 http cache https://registry.npmjs.org/debug 2ms (cache hit)
318 silly packumentCache full:https://registry.npmjs.org/debug set size:195840 disposed:false
319 silly fetch manifest @babel/helper-string-parser@^7.27.1
320 silly packumentCache full:https://registry.npmjs.org/@babel%2fhelper-string-parser cache-miss
321 http fetch GET 200 https://registry.npmjs.org/lru-cache 58ms (cache miss)
322 silly packumentCache full:https://registry.npmjs.org/lru-cache set size:undefined disposed:false
323 silly fetch manifest @jridgewell/gen-mapping@^0.3.5
324 silly packumentCache full:https://registry.npmjs.org/@jridgewell%2fgen-mapping cache-miss
325 http fetch GET 200 https://registry.npmjs.org/browserslist 60ms (cache miss)
326 silly packumentCache full:https://registry.npmjs.org/browserslist set size:undefined disposed:false
327 silly fetch manifest @jridgewell/trace-mapping@^0.3.24
328 silly packumentCache full:https://registry.npmjs.org/@jridgewell%2ftrace-mapping cache-miss
329 http fetch GET 200 https://registry.npmjs.org/@jridgewell%2ftrace-mapping 63ms (cache miss)
330 silly packumentCache full:https://registry.npmjs.org/@jridgewell%2ftrace-mapping set size:undefined disposed:false
331 silly fetch manifest ms@^2.1.3
332 silly packumentCache full:https://registry.npmjs.org/ms cache-miss
333 http cache https://registry.npmjs.org/@jridgewell%2ftrace-mapping 3ms (cache hit)
334 silly packumentCache full:https://registry.npmjs.org/@jridgewell%2ftrace-mapping set size:170909 disposed:false
335 http cache https://registry.npmjs.org/@jridgewell%2fgen-mapping 4ms (cache hit)
336 silly packumentCache full:https://registry.npmjs.org/@jridgewell%2fgen-mapping set size:80719 disposed:false
337 http fetch GET 200 https://registry.npmjs.org/@babel%2fcompat-data 66ms (cache miss)
338 silly packumentCache full:https://registry.npmjs.org/@babel%2fcompat-data set size:undefined disposed:false
339 http fetch GET 200 https://registry.npmjs.org/@babel%2fhelper-validator-option 39ms (cache miss)
340 silly packumentCache full:https://registry.npmjs.org/@babel%2fhelper-validator-option set size:undefined disposed:false
341 http fetch GET 200 https://registry.npmjs.org/@babel%2fhelper-validator-identifier 38ms (cache miss)
342 silly packumentCache full:https://registry.npmjs.org/@babel%2fhelper-validator-identifier set size:undefined disposed:false
343 http fetch GET 200 https://registry.npmjs.org/@babel%2fhelper-module-imports 43ms (cache miss)
344 silly packumentCache full:https://registry.npmjs.org/@babel%2fhelper-module-imports set size:undefined disposed:false
345 http fetch GET 200 https://registry.npmjs.org/@babel%2fhelper-globals 37ms (cache miss)
346 silly packumentCache full:https://registry.npmjs.org/@babel%2fhelper-globals set size:undefined disposed:false
347 http fetch GET 200 https://registry.npmjs.org/ms 31ms (cache miss)
348 silly packumentCache full:https://registry.npmjs.org/ms set size:undefined disposed:false
349 http fetch GET 200 https://registry.npmjs.org/@babel%2fhelper-string-parser 36ms (cache miss)
350 silly packumentCache full:https://registry.npmjs.org/@babel%2fhelper-string-parser set size:undefined disposed:false
351 silly placeDep ROOT @babel/helper-validator-identifier@7.28.5 OK for: @babel/code-frame@7.29.0 want: ^7.28.5
352 silly placeDep ROOT js-tokens@4.0.0 OK for: @babel/code-frame@7.29.0 want: ^4.0.0
353 silly placeDep ROOT picocolors@1.1.1 OK for: @babel/code-frame@7.29.0 want: ^1.1.1
354 silly placeDep ROOT @jridgewell/gen-mapping@0.3.13 OK for: @babel/generator@7.29.1 want: ^0.3.12
355 silly placeDep ROOT @jridgewell/trace-mapping@0.3.31 OK for: @babel/generator@7.29.1 want: ^0.3.28
356 silly placeDep ROOT jsesc@3.1.0 OK for: @babel/generator@7.29.1 want: ^3.0.2
357 silly fetch manifest @jridgewell/sourcemap-codec@^1.5.0
358 silly packumentCache full:https://registry.npmjs.org/@jridgewell%2fsourcemap-codec cache-miss
359 silly fetch manifest @jridgewell/resolve-uri@^3.1.0
360 silly packumentCache full:https://registry.npmjs.org/@jridgewell%2fresolve-uri cache-miss
361 silly fetch manifest @jridgewell/sourcemap-codec@^1.4.14
362 silly packumentCache full:https://registry.npmjs.org/@jridgewell%2fsourcemap-codec cache-miss
363 http fetch GET 200 https://registry.npmjs.org/@jridgewell%2fresolve-uri 44ms (cache miss)
364 silly packumentCache full:https://registry.npmjs.org/@jridgewell%2fresolve-uri set size:undefined disposed:false
365 http fetch GET 200 https://registry.npmjs.org/@jridgewell%2fsourcemap-codec 46ms (cache miss)
366 silly packumentCache full:https://registry.npmjs.org/@jridgewell%2fsourcemap-codec set size:undefined disposed:false
367 http fetch GET 200 https://registry.npmjs.org/@jridgewell%2fsourcemap-codec 51ms (cache miss)
368 silly packumentCache full:https://registry.npmjs.org/@jridgewell%2fsourcemap-codec set size:undefined disposed:false
369 silly placeDep ROOT @babel/compat-data@7.29.0 OK for: @babel/helper-compilation-targets@7.28.6 want: ^7.28.6
370 silly placeDep ROOT @babel/helper-validator-option@7.27.1 OK for: @babel/helper-compilation-targets@7.28.6 want: ^7.27.1
371 silly placeDep ROOT browserslist@4.28.2 OK for: @babel/helper-compilation-targets@7.28.6 want: ^4.24.0
372 silly placeDep ROOT lru-cache@5.1.1 OK for: @babel/helper-compilation-targets@7.28.6 want: ^5.1.1
373 silly fetch manifest baseline-browser-mapping@^2.10.12
374 silly packumentCache full:https://registry.npmjs.org/baseline-browser-mapping cache-miss
375 silly fetch manifest caniuse-lite@^1.0.30001782
376 silly packumentCache full:https://registry.npmjs.org/caniuse-lite cache-miss
377 silly fetch manifest electron-to-chromium@^1.5.328
378 silly packumentCache full:https://registry.npmjs.org/electron-to-chromium cache-miss
379 silly fetch manifest node-releases@^2.0.36
380 silly packumentCache full:https://registry.npmjs.org/node-releases cache-miss
381 silly fetch manifest update-browserslist-db@^1.2.3
382 silly packumentCache full:https://registry.npmjs.org/update-browserslist-db cache-miss
383 silly fetch manifest yallist@^3.0.2
384 silly packumentCache full:https://registry.npmjs.org/yallist cache-miss
385 http fetch GET 200 https://registry.npmjs.org/update-browserslist-db 31ms (cache miss)
386 silly packumentCache full:https://registry.npmjs.org/update-browserslist-db set size:undefined disposed:false
387 http fetch GET 200 https://registry.npmjs.org/yallist 32ms (cache miss)
388 silly packumentCache full:https://registry.npmjs.org/yallist set size:undefined disposed:false
389 http fetch GET 200 https://registry.npmjs.org/baseline-browser-mapping 34ms (cache miss)
390 silly packumentCache full:https://registry.npmjs.org/baseline-browser-mapping set size:undefined disposed:false
391 http fetch GET 200 https://registry.npmjs.org/node-releases 39ms (cache miss)
392 silly packumentCache full:https://registry.npmjs.org/node-releases set size:undefined disposed:false
393 http fetch GET 200 https://registry.npmjs.org/caniuse-lite 111ms (cache miss)
394 silly packumentCache full:https://registry.npmjs.org/caniuse-lite set size:undefined disposed:false
395 http fetch GET 200 https://registry.npmjs.org/electron-to-chromium 130ms (cache miss)
396 silly packumentCache full:https://registry.npmjs.org/electron-to-chromium set size:undefined disposed:false
397 silly placeDep ROOT @babel/helper-module-imports@7.28.6 OK for: @babel/helper-module-transforms@7.28.6 want: ^7.28.6
398 silly placeDep ROOT @babel/helper-plugin-utils@7.28.6 OK for: @babel/plugin-transform-react-jsx-self@7.27.1 want: ^7.27.1
399 silly placeDep ROOT @babel/helper-globals@7.28.0 OK for: @babel/traverse@7.29.0 want: ^7.28.0
400 silly placeDep ROOT @babel/helper-string-parser@7.27.1 OK for: @babel/types@7.29.0 want: ^7.27.1
401 silly placeDep ROOT @jridgewell/sourcemap-codec@1.5.5 OK for: @jridgewell/gen-mapping@0.3.13 want: ^1.5.0
402 silly placeDep ROOT @jridgewell/resolve-uri@3.1.2 OK for: @jridgewell/trace-mapping@0.3.31 want: ^3.1.0
403 silly placeDep ROOT @types/babel__generator@7.27.0 OK for: @types/babel__core@7.20.5 want: *
404 silly placeDep ROOT @types/babel__template@7.4.4 OK for: @types/babel__core@7.20.5 want: *
405 silly placeDep ROOT @types/babel__traverse@7.28.0 OK for: @types/babel__core@7.20.5 want: *
406 silly fetch manifest browserslist@>= 4.21.0
407 silly packumentCache full:https://registry.npmjs.org/browserslist cache-miss
408 http cache https://registry.npmjs.org/browserslist 12ms (cache hit)
409 silly packumentCache full:https://registry.npmjs.org/browserslist set size:504681 disposed:false
410 silly placeDep ROOT baseline-browser-mapping@2.10.21 OK for: browserslist@4.28.2 want: ^2.10.12
411 silly placeDep ROOT caniuse-lite@1.0.30001790 OK for: browserslist@4.28.2 want: ^1.0.30001782
412 silly placeDep ROOT electron-to-chromium@1.5.344 OK for: browserslist@4.28.2 want: ^1.5.328
413 silly placeDep ROOT node-releases@2.0.38 OK for: browserslist@4.28.2 want: ^2.0.36
414 silly placeDep ROOT update-browserslist-db@1.2.3 OK for: browserslist@4.28.2 want: ^1.2.3
415 silly fetch manifest escalade@^3.2.0
416 silly packumentCache full:https://registry.npmjs.org/escalade cache-miss
417 http fetch GET 200 https://registry.npmjs.org/escalade 34ms (cache miss)
418 silly packumentCache full:https://registry.npmjs.org/escalade set size:undefined disposed:false
419 silly placeDep ROOT ms@2.1.3 OK for: debug@4.4.3 want: ^2.1.3
420 silly placeDep ROOT yallist@3.1.1 OK for: lru-cache@5.1.1 want: ^3.0.2
421 silly placeDep ROOT scheduler@0.27.0 OK for: react-dom@19.2.5 want: ^0.27.0
422 silly placeDep ROOT escalade@3.2.0 OK for: update-browserslist-db@1.2.3 want: ^3.2.0
423 silly placeDep ROOT esbuild@0.27.7 OK for: vite@7.3.2 want: ^0.27.0
424 silly placeDep ROOT fdir@6.5.0 OK for: vite@7.3.2 want: ^6.5.0
425 silly placeDep ROOT fsevents@2.3.3 OK for: vite@7.3.2 want: ~2.3.3
426 silly placeDep ROOT picomatch@4.0.4 OK for: vite@7.3.2 want: ^4.0.3
427 silly placeDep ROOT postcss@8.5.10 OK for: vite@7.3.2 want: ^8.5.6
428 silly placeDep ROOT rollup@4.60.2 OK for: vite@7.3.2 want: ^4.43.0
429 silly placeDep ROOT tinyglobby@0.2.16 OK for: vite@7.3.2 want: ^0.2.15
430 silly fetch manifest @esbuild/aix-ppc64@0.27.7
431 silly packumentCache full:https://registry.npmjs.org/@esbuild%2faix-ppc64 cache-miss
432 silly fetch manifest @esbuild/linux-arm@0.27.7
433 silly packumentCache full:https://registry.npmjs.org/@esbuild%2flinux-arm cache-miss
434 silly fetch manifest @esbuild/linux-x64@0.27.7
435 silly packumentCache full:https://registry.npmjs.org/@esbuild%2flinux-x64 cache-miss
436 silly fetch manifest @esbuild/sunos-x64@0.27.7
437 silly packumentCache full:https://registry.npmjs.org/@esbuild%2fsunos-x64 cache-miss
438 silly fetch manifest @esbuild/win32-x64@0.27.7
439 silly packumentCache full:https://registry.npmjs.org/@esbuild%2fwin32-x64 cache-miss
440 silly fetch manifest @esbuild/darwin-x64@0.27.7
441 silly packumentCache full:https://registry.npmjs.org/@esbuild%2fdarwin-x64 cache-miss
442 silly fetch manifest @esbuild/linux-ia32@0.27.7
443 silly packumentCache full:https://registry.npmjs.org/@esbuild%2flinux-ia32 cache-miss
444 silly fetch manifest @esbuild/netbsd-x64@0.27.7
445 silly packumentCache full:https://registry.npmjs.org/@esbuild%2fnetbsd-x64 cache-miss
446 silly fetch manifest @esbuild/win32-ia32@0.27.7
447 silly packumentCache full:https://registry.npmjs.org/@esbuild%2fwin32-ia32 cache-miss
448 http fetch GET 200 https://registry.npmjs.org/@esbuild%2faix-ppc64 48ms (cache miss)
449 silly packumentCache full:https://registry.npmjs.org/@esbuild%2faix-ppc64 set size:undefined disposed:false
450 silly fetch manifest @esbuild/android-arm@0.27.7
451 silly packumentCache full:https://registry.npmjs.org/@esbuild%2fandroid-arm cache-miss
452 http fetch GET 200 https://registry.npmjs.org/@esbuild%2flinux-ia32 59ms (cache miss)
453 silly packumentCache full:https://registry.npmjs.org/@esbuild%2flinux-ia32 set size:undefined disposed:false
454 silly fetch manifest @esbuild/android-x64@0.27.7
455 silly packumentCache full:https://registry.npmjs.org/@esbuild%2fandroid-x64 cache-miss
456 http fetch GET 200 https://registry.npmjs.org/@esbuild%2fsunos-x64 70ms (cache miss)
457 silly packumentCache full:https://registry.npmjs.org/@esbuild%2fsunos-x64 set size:undefined disposed:false
458 silly fetch manifest @esbuild/freebsd-x64@0.27.7
459 silly packumentCache full:https://registry.npmjs.org/@esbuild%2ffreebsd-x64 cache-miss
460 http fetch GET 200 https://registry.npmjs.org/@esbuild%2flinux-x64 72ms (cache miss)
461 silly packumentCache full:https://registry.npmjs.org/@esbuild%2flinux-x64 set size:undefined disposed:false
462 silly fetch manifest @esbuild/linux-arm64@0.27.7
463 silly packumentCache full:https://registry.npmjs.org/@esbuild%2flinux-arm64 cache-miss
464 http fetch GET 200 https://registry.npmjs.org/@esbuild%2fnetbsd-x64 72ms (cache miss)
465 silly packumentCache full:https://registry.npmjs.org/@esbuild%2fnetbsd-x64 set size:undefined disposed:false
466 silly fetch manifest @esbuild/linux-ppc64@0.27.7
467 silly packumentCache full:https://registry.npmjs.org/@esbuild%2flinux-ppc64 cache-miss
468 http fetch GET 200 https://registry.npmjs.org/@esbuild%2fwin32-x64 74ms (cache miss)
469 silly packumentCache full:https://registry.npmjs.org/@esbuild%2fwin32-x64 set size:undefined disposed:false
470 silly fetch manifest @esbuild/linux-s390x@0.27.7
471 silly packumentCache full:https://registry.npmjs.org/@esbuild%2flinux-s390x cache-miss
472 http fetch GET 200 https://registry.npmjs.org/@esbuild%2fwin32-ia32 74ms (cache miss)
473 silly packumentCache full:https://registry.npmjs.org/@esbuild%2fwin32-ia32 set size:undefined disposed:false
474 silly fetch manifest @esbuild/openbsd-x64@0.27.7
475 silly packumentCache full:https://registry.npmjs.org/@esbuild%2fopenbsd-x64 cache-miss
476 http fetch GET 200 https://registry.npmjs.org/@esbuild%2flinux-arm 76ms (cache miss)
477 silly packumentCache full:https://registry.npmjs.org/@esbuild%2flinux-arm set size:undefined disposed:false
478 silly fetch manifest @esbuild/win32-arm64@0.27.7
479 silly packumentCache full:https://registry.npmjs.org/@esbuild%2fwin32-arm64 cache-miss
480 http fetch GET 200 https://registry.npmjs.org/@esbuild%2fdarwin-x64 76ms (cache miss)
481 silly packumentCache full:https://registry.npmjs.org/@esbuild%2fdarwin-x64 set size:undefined disposed:false
482 silly fetch manifest @esbuild/darwin-arm64@0.27.7
483 silly packumentCache full:https://registry.npmjs.org/@esbuild%2fdarwin-arm64 cache-miss
484 http fetch GET 200 https://registry.npmjs.org/@esbuild%2fandroid-arm 46ms (cache miss)
485 silly packumentCache full:https://registry.npmjs.org/@esbuild%2fandroid-arm set size:undefined disposed:false
486 silly fetch manifest @esbuild/netbsd-arm64@0.27.7
487 silly packumentCache full:https://registry.npmjs.org/@esbuild%2fnetbsd-arm64 cache-miss
488 http fetch GET 200 https://registry.npmjs.org/@esbuild%2ffreebsd-x64 49ms (cache miss)
489 silly packumentCache full:https://registry.npmjs.org/@esbuild%2ffreebsd-x64 set size:undefined disposed:false
490 silly fetch manifest @esbuild/android-arm64@0.27.7
491 silly packumentCache full:https://registry.npmjs.org/@esbuild%2fandroid-arm64 cache-miss
492 http fetch GET 200 https://registry.npmjs.org/@esbuild%2fandroid-x64 61ms (cache miss)
493 silly packumentCache full:https://registry.npmjs.org/@esbuild%2fandroid-x64 set size:undefined disposed:false
494 silly fetch manifest @esbuild/freebsd-arm64@0.27.7
495 silly packumentCache full:https://registry.npmjs.org/@esbuild%2ffreebsd-arm64 cache-miss
496 http fetch GET 200 https://registry.npmjs.org/@esbuild%2flinux-arm64 51ms (cache miss)
497 silly packumentCache full:https://registry.npmjs.org/@esbuild%2flinux-arm64 set size:undefined disposed:false
498 silly fetch manifest @esbuild/linux-loong64@0.27.7
499 silly packumentCache full:https://registry.npmjs.org/@esbuild%2flinux-loong64 cache-miss
500 http fetch GET 200 https://registry.npmjs.org/@esbuild%2flinux-s390x 51ms (cache miss)
501 silly packumentCache full:https://registry.npmjs.org/@esbuild%2flinux-s390x set size:undefined disposed:false
502 silly fetch manifest @esbuild/linux-riscv64@0.27.7
503 silly packumentCache full:https://registry.npmjs.org/@esbuild%2flinux-riscv64 cache-miss
504 http fetch GET 200 https://registry.npmjs.org/@esbuild%2fopenbsd-x64 53ms (cache miss)
505 silly packumentCache full:https://registry.npmjs.org/@esbuild%2fopenbsd-x64 set size:undefined disposed:false
506 silly fetch manifest @esbuild/openbsd-arm64@0.27.7
507 silly packumentCache full:https://registry.npmjs.org/@esbuild%2fopenbsd-arm64 cache-miss
508 http fetch GET 200 https://registry.npmjs.org/@esbuild%2fdarwin-arm64 53ms (cache miss)
509 silly packumentCache full:https://registry.npmjs.org/@esbuild%2fdarwin-arm64 set size:undefined disposed:false
510 silly fetch manifest @esbuild/linux-mips64el@0.27.7
511 silly packumentCache full:https://registry.npmjs.org/@esbuild%2flinux-mips64el cache-miss
512 http fetch GET 200 https://registry.npmjs.org/@esbuild%2flinux-ppc64 57ms (cache miss)
513 silly packumentCache full:https://registry.npmjs.org/@esbuild%2flinux-ppc64 set size:undefined disposed:false
514 silly fetch manifest @esbuild/openharmony-arm64@0.27.7
515 silly packumentCache full:https://registry.npmjs.org/@esbuild%2fopenharmony-arm64 cache-miss
516 http fetch GET 200 https://registry.npmjs.org/@esbuild%2fnetbsd-arm64 39ms (cache miss)
517 silly packumentCache full:https://registry.npmjs.org/@esbuild%2fnetbsd-arm64 set size:undefined disposed:false
518 silly fetch manifest nanoid@^3.3.11
519 silly packumentCache full:https://registry.npmjs.org/nanoid cache-miss
520 http fetch GET 200 https://registry.npmjs.org/@esbuild%2fwin32-arm64 59ms (cache miss)
521 silly packumentCache full:https://registry.npmjs.org/@esbuild%2fwin32-arm64 set size:undefined disposed:false
522 silly fetch manifest source-map-js@^1.2.1
523 silly packumentCache full:https://registry.npmjs.org/source-map-js cache-miss
524 http fetch GET 200 https://registry.npmjs.org/source-map-js 46ms (cache miss)
525 silly packumentCache full:https://registry.npmjs.org/source-map-js set size:undefined disposed:false
526 silly fetch manifest @types/estree@1.0.8
527 silly packumentCache full:https://registry.npmjs.org/@types%2festree cache-miss
528 http fetch GET 200 https://registry.npmjs.org/@esbuild%2fandroid-arm64 61ms (cache miss)
529 silly packumentCache full:https://registry.npmjs.org/@esbuild%2fandroid-arm64 set size:undefined disposed:false
530 silly fetch manifest @rollup/rollup-darwin-arm64@4.60.2
531 silly packumentCache full:https://registry.npmjs.org/@rollup%2frollup-darwin-arm64 cache-miss
532 http fetch GET 200 https://registry.npmjs.org/@esbuild%2fopenharmony-arm64 52ms (cache miss)
533 silly packumentCache full:https://registry.npmjs.org/@esbuild%2fopenharmony-arm64 set size:undefined disposed:false
534 silly fetch manifest @rollup/rollup-android-arm64@4.60.2
535 silly packumentCache full:https://registry.npmjs.org/@rollup%2frollup-android-arm64 cache-miss
536 http fetch GET 200 https://registry.npmjs.org/@esbuild%2fopenbsd-arm64 55ms (cache miss)
537 silly packumentCache full:https://registry.npmjs.org/@esbuild%2fopenbsd-arm64 set size:undefined disposed:false
538 silly fetch manifest @rollup/rollup-win32-arm64-msvc@4.60.2
539 silly packumentCache full:https://registry.npmjs.org/@rollup%2frollup-win32-arm64-msvc cache-miss
540 http fetch GET 200 https://registry.npmjs.org/@esbuild%2flinux-loong64 60ms (cache miss)
541 silly packumentCache full:https://registry.npmjs.org/@esbuild%2flinux-loong64 set size:undefined disposed:false
542 silly fetch manifest @rollup/rollup-freebsd-arm64@4.60.2
543 silly packumentCache full:https://registry.npmjs.org/@rollup%2frollup-freebsd-arm64 cache-miss
544 http fetch GET 200 https://registry.npmjs.org/@esbuild%2ffreebsd-arm64 62ms (cache miss)
545 silly packumentCache full:https://registry.npmjs.org/@esbuild%2ffreebsd-arm64 set size:undefined disposed:false
546 silly fetch manifest @rollup/rollup-linux-arm64-gnu@4.60.2
547 silly packumentCache full:https://registry.npmjs.org/@rollup%2frollup-linux-arm64-gnu cache-miss
548 http fetch GET 200 https://registry.npmjs.org/@esbuild%2flinux-mips64el 57ms (cache miss)
549 silly packumentCache full:https://registry.npmjs.org/@esbuild%2flinux-mips64el set size:undefined disposed:false
550 silly fetch manifest @rollup/rollup-linux-arm64-musl@4.60.2
551 silly packumentCache full:https://registry.npmjs.org/@rollup%2frollup-linux-arm64-musl cache-miss
552 http fetch GET 200 https://registry.npmjs.org/nanoid 52ms (cache miss)
553 silly packumentCache full:https://registry.npmjs.org/nanoid set size:undefined disposed:false
554 silly fetch manifest @rollup/rollup-android-arm-eabi@4.60.2
555 silly packumentCache full:https://registry.npmjs.org/@rollup%2frollup-android-arm-eabi cache-miss
556 http fetch GET 200 https://registry.npmjs.org/@esbuild%2flinux-riscv64 63ms (cache miss)
557 silly packumentCache full:https://registry.npmjs.org/@esbuild%2flinux-riscv64 set size:undefined disposed:false
558 silly fetch manifest @rollup/rollup-linux-arm-gnueabihf@4.60.2
559 silly packumentCache full:https://registry.npmjs.org/@rollup%2frollup-linux-arm-gnueabihf cache-miss
560 http fetch GET 200 https://registry.npmjs.org/@types%2festree 40ms (cache miss)
561 silly packumentCache full:https://registry.npmjs.org/@types%2festree set size:undefined disposed:false
562 silly fetch manifest @rollup/rollup-linux-arm-musleabihf@4.60.2
563 silly packumentCache full:https://registry.npmjs.org/@rollup%2frollup-linux-arm-musleabihf cache-miss
564 http fetch GET 200 https://registry.npmjs.org/@rollup%2frollup-darwin-arm64 48ms (cache miss)
565 silly packumentCache full:https://registry.npmjs.org/@rollup%2frollup-darwin-arm64 set size:undefined disposed:false
566 silly fetch manifest @rollup/rollup-win32-ia32-msvc@4.60.2
567 silly packumentCache full:https://registry.npmjs.org/@rollup%2frollup-win32-ia32-msvc cache-miss
568 http fetch GET 200 https://registry.npmjs.org/@rollup%2frollup-win32-arm64-msvc 50ms (cache miss)
569 silly packumentCache full:https://registry.npmjs.org/@rollup%2frollup-win32-arm64-msvc set size:undefined disposed:false
570 silly fetch manifest @rollup/rollup-linux-loong64-gnu@4.60.2
571 silly packumentCache full:https://registry.npmjs.org/@rollup%2frollup-linux-loong64-gnu cache-miss
572 http fetch GET 200 https://registry.npmjs.org/@rollup%2frollup-freebsd-arm64 50ms (cache miss)
573 silly packumentCache full:https://registry.npmjs.org/@rollup%2frollup-freebsd-arm64 set size:undefined disposed:false
574 silly fetch manifest @rollup/rollup-linux-loong64-musl@4.60.2
575 silly packumentCache full:https://registry.npmjs.org/@rollup%2frollup-linux-loong64-musl cache-miss
576 http fetch GET 200 https://registry.npmjs.org/@rollup%2frollup-android-arm64 53ms (cache miss)
577 silly packumentCache full:https://registry.npmjs.org/@rollup%2frollup-android-arm64 set size:undefined disposed:false
578 silly fetch manifest @rollup/rollup-linux-riscv64-gnu@4.60.2
579 silly packumentCache full:https://registry.npmjs.org/@rollup%2frollup-linux-riscv64-gnu cache-miss
580 http fetch GET 200 https://registry.npmjs.org/@rollup%2frollup-linux-arm64-musl 53ms (cache miss)
581 silly packumentCache full:https://registry.npmjs.org/@rollup%2frollup-linux-arm64-musl set size:undefined disposed:false
582 silly fetch manifest @rollup/rollup-linux-riscv64-musl@4.60.2
583 silly packumentCache full:https://registry.npmjs.org/@rollup%2frollup-linux-riscv64-musl cache-miss
584 http fetch GET 200 https://registry.npmjs.org/@rollup%2frollup-linux-arm-gnueabihf 52ms (cache miss)
585 silly packumentCache full:https://registry.npmjs.org/@rollup%2frollup-linux-arm-gnueabihf set size:undefined disposed:false
586 silly fetch manifest @rollup/rollup-linux-ppc64-gnu@4.60.2
587 silly packumentCache full:https://registry.npmjs.org/@rollup%2frollup-linux-ppc64-gnu cache-miss
588 http fetch GET 200 https://registry.npmjs.org/@rollup%2frollup-linux-arm64-gnu 60ms (cache miss)
589 silly packumentCache full:https://registry.npmjs.org/@rollup%2frollup-linux-arm64-gnu set size:undefined disposed:false
590 silly fetch manifest @rollup/rollup-linux-ppc64-musl@4.60.2
591 silly packumentCache full:https://registry.npmjs.org/@rollup%2frollup-linux-ppc64-musl cache-miss
592 http fetch GET 200 https://registry.npmjs.org/@rollup%2frollup-android-arm-eabi 66ms (cache miss)
593 silly packumentCache full:https://registry.npmjs.org/@rollup%2frollup-android-arm-eabi set size:undefined disposed:false
594 silly fetch manifest @rollup/rollup-linux-s390x-gnu@4.60.2
595 silly packumentCache full:https://registry.npmjs.org/@rollup%2frollup-linux-s390x-gnu cache-miss
596 http fetch GET 200 https://registry.npmjs.org/@rollup%2frollup-linux-arm-musleabihf 48ms (cache miss)
597 silly packumentCache full:https://registry.npmjs.org/@rollup%2frollup-linux-arm-musleabihf set size:undefined disposed:false
598 silly fetch manifest @rollup/rollup-darwin-x64@4.60.2
599 silly packumentCache full:https://registry.npmjs.org/@rollup%2frollup-darwin-x64 cache-miss
600 http fetch GET 200 https://registry.npmjs.org/@rollup%2frollup-linux-loong64-gnu 40ms (cache miss)
601 silly packumentCache full:https://registry.npmjs.org/@rollup%2frollup-linux-loong64-gnu set size:undefined disposed:false
602 silly fetch manifest @rollup/rollup-win32-x64-gnu@4.60.2
603 silly packumentCache full:https://registry.npmjs.org/@rollup%2frollup-win32-x64-gnu cache-miss
604 http fetch GET 200 https://registry.npmjs.org/@rollup%2frollup-linux-loong64-musl 41ms (cache miss)
605 silly packumentCache full:https://registry.npmjs.org/@rollup%2frollup-linux-loong64-musl set size:undefined disposed:false
606 silly fetch manifest @rollup/rollup-win32-x64-msvc@4.60.2
607 silly packumentCache full:https://registry.npmjs.org/@rollup%2frollup-win32-x64-msvc cache-miss
608 http fetch GET 200 https://registry.npmjs.org/@rollup%2frollup-win32-ia32-msvc 54ms (cache miss)
609 silly packumentCache full:https://registry.npmjs.org/@rollup%2frollup-win32-ia32-msvc set size:undefined disposed:false
610 silly fetch manifest @rollup/rollup-freebsd-x64@4.60.2
611 silly packumentCache full:https://registry.npmjs.org/@rollup%2frollup-freebsd-x64 cache-miss
612 http fetch GET 200 https://registry.npmjs.org/@rollup%2frollup-linux-ppc64-musl 43ms (cache miss)
613 silly packumentCache full:https://registry.npmjs.org/@rollup%2frollup-linux-ppc64-musl set size:undefined disposed:false
614 silly fetch manifest @rollup/rollup-linux-x64-gnu@4.60.2
615 silly packumentCache full:https://registry.npmjs.org/@rollup%2frollup-linux-x64-gnu cache-miss
616 http fetch GET 200 https://registry.npmjs.org/@rollup%2frollup-linux-riscv64-musl 49ms (cache miss)
617 silly packumentCache full:https://registry.npmjs.org/@rollup%2frollup-linux-riscv64-musl set size:undefined disposed:false
618 silly fetch manifest @rollup/rollup-linux-x64-musl@4.60.2
619 silly packumentCache full:https://registry.npmjs.org/@rollup%2frollup-linux-x64-musl cache-miss
620 http fetch GET 200 https://registry.npmjs.org/@rollup%2frollup-linux-ppc64-gnu 50ms (cache miss)
621 silly packumentCache full:https://registry.npmjs.org/@rollup%2frollup-linux-ppc64-gnu set size:undefined disposed:false
622 silly fetch manifest @rollup/rollup-openbsd-x64@4.60.2
623 silly packumentCache full:https://registry.npmjs.org/@rollup%2frollup-openbsd-x64 cache-miss
624 http fetch GET 200 https://registry.npmjs.org/@rollup%2frollup-linux-riscv64-gnu 56ms (cache miss)
625 silly packumentCache full:https://registry.npmjs.org/@rollup%2frollup-linux-riscv64-gnu set size:undefined disposed:false
626 silly fetch manifest @rollup/rollup-openharmony-arm64@4.60.2
627 silly packumentCache full:https://registry.npmjs.org/@rollup%2frollup-openharmony-arm64 cache-miss
628 http fetch GET 200 https://registry.npmjs.org/@rollup%2frollup-linux-s390x-gnu 56ms (cache miss)
629 silly packumentCache full:https://registry.npmjs.org/@rollup%2frollup-linux-s390x-gnu set size:undefined disposed:false
630 http fetch GET 200 https://registry.npmjs.org/@rollup%2frollup-darwin-x64 47ms (cache miss)
631 silly packumentCache full:https://registry.npmjs.org/@rollup%2frollup-darwin-x64 set size:undefined disposed:false
632 http fetch GET 200 https://registry.npmjs.org/@rollup%2frollup-win32-x64-gnu 45ms (cache miss)
633 silly packumentCache full:https://registry.npmjs.org/@rollup%2frollup-win32-x64-gnu set size:undefined disposed:false
634 http fetch GET 200 https://registry.npmjs.org/@rollup%2frollup-win32-x64-msvc 50ms (cache miss)
635 silly packumentCache full:https://registry.npmjs.org/@rollup%2frollup-win32-x64-msvc set size:undefined disposed:false
636 http fetch GET 200 https://registry.npmjs.org/@rollup%2frollup-openharmony-arm64 41ms (cache miss)
637 silly packumentCache full:https://registry.npmjs.org/@rollup%2frollup-openharmony-arm64 set size:undefined disposed:false
638 http fetch GET 200 https://registry.npmjs.org/@rollup%2frollup-freebsd-x64 49ms (cache miss)
639 silly packumentCache full:https://registry.npmjs.org/@rollup%2frollup-freebsd-x64 set size:undefined disposed:false
640 http fetch GET 200 https://registry.npmjs.org/@rollup%2frollup-linux-x64-musl 47ms (cache miss)
641 silly packumentCache full:https://registry.npmjs.org/@rollup%2frollup-linux-x64-musl set size:undefined disposed:false
642 http fetch GET 200 https://registry.npmjs.org/@rollup%2frollup-linux-x64-gnu 50ms (cache miss)
643 silly packumentCache full:https://registry.npmjs.org/@rollup%2frollup-linux-x64-gnu set size:undefined disposed:false
644 http fetch GET 200 https://registry.npmjs.org/@rollup%2frollup-openbsd-x64 52ms (cache miss)
645 silly packumentCache full:https://registry.npmjs.org/@rollup%2frollup-openbsd-x64 set size:undefined disposed:false
646 silly placeDep ROOT @esbuild/aix-ppc64@0.27.7 OK for: esbuild@0.27.7 want: 0.27.7
647 silly placeDep ROOT @esbuild/android-arm@0.27.7 OK for: esbuild@0.27.7 want: 0.27.7
648 silly placeDep ROOT @esbuild/android-arm64@0.27.7 OK for: esbuild@0.27.7 want: 0.27.7
649 silly placeDep ROOT @esbuild/android-x64@0.27.7 OK for: esbuild@0.27.7 want: 0.27.7
650 silly placeDep ROOT @esbuild/darwin-arm64@0.27.7 OK for: esbuild@0.27.7 want: 0.27.7
651 silly placeDep ROOT @esbuild/darwin-x64@0.27.7 OK for: esbuild@0.27.7 want: 0.27.7
652 silly placeDep ROOT @esbuild/freebsd-arm64@0.27.7 OK for: esbuild@0.27.7 want: 0.27.7
653 silly placeDep ROOT @esbuild/freebsd-x64@0.27.7 OK for: esbuild@0.27.7 want: 0.27.7
654 silly placeDep ROOT @esbuild/linux-arm@0.27.7 OK for: esbuild@0.27.7 want: 0.27.7
655 silly placeDep ROOT @esbuild/linux-arm64@0.27.7 OK for: esbuild@0.27.7 want: 0.27.7
656 silly placeDep ROOT @esbuild/linux-ia32@0.27.7 OK for: esbuild@0.27.7 want: 0.27.7
657 silly placeDep ROOT @esbuild/linux-loong64@0.27.7 OK for: esbuild@0.27.7 want: 0.27.7
658 silly placeDep ROOT @esbuild/linux-mips64el@0.27.7 OK for: esbuild@0.27.7 want: 0.27.7
659 silly placeDep ROOT @esbuild/linux-ppc64@0.27.7 OK for: esbuild@0.27.7 want: 0.27.7
660 silly placeDep ROOT @esbuild/linux-riscv64@0.27.7 OK for: esbuild@0.27.7 want: 0.27.7
661 silly placeDep ROOT @esbuild/linux-s390x@0.27.7 OK for: esbuild@0.27.7 want: 0.27.7
662 silly placeDep ROOT @esbuild/linux-x64@0.27.7 OK for: esbuild@0.27.7 want: 0.27.7
663 silly placeDep ROOT @esbuild/netbsd-arm64@0.27.7 OK for: esbuild@0.27.7 want: 0.27.7
664 silly placeDep ROOT @esbuild/netbsd-x64@0.27.7 OK for: esbuild@0.27.7 want: 0.27.7
665 silly placeDep ROOT @esbuild/openbsd-arm64@0.27.7 OK for: esbuild@0.27.7 want: 0.27.7
666 silly placeDep ROOT @esbuild/openbsd-x64@0.27.7 OK for: esbuild@0.27.7 want: 0.27.7
667 silly placeDep ROOT @esbuild/openharmony-arm64@0.27.7 OK for: esbuild@0.27.7 want: 0.27.7
668 silly placeDep ROOT @esbuild/sunos-x64@0.27.7 OK for: esbuild@0.27.7 want: 0.27.7
669 silly placeDep ROOT @esbuild/win32-arm64@0.27.7 OK for: esbuild@0.27.7 want: 0.27.7
670 silly placeDep ROOT @esbuild/win32-ia32@0.27.7 OK for: esbuild@0.27.7 want: 0.27.7
671 silly placeDep ROOT @esbuild/win32-x64@0.27.7 OK for: esbuild@0.27.7 want: 0.27.7
672 silly placeDep ROOT nanoid@3.3.11 OK for: postcss@8.5.10 want: ^3.3.11
673 silly placeDep ROOT source-map-js@1.2.1 OK for: postcss@8.5.10 want: ^1.2.1
674 silly placeDep ROOT @rollup/rollup-android-arm-eabi@4.60.2 OK for: rollup@4.60.2 want: 4.60.2
675 silly placeDep ROOT @rollup/rollup-android-arm64@4.60.2 OK for: rollup@4.60.2 want: 4.60.2
676 silly placeDep ROOT @rollup/rollup-darwin-arm64@4.60.2 OK for: rollup@4.60.2 want: 4.60.2
677 silly placeDep ROOT @rollup/rollup-darwin-x64@4.60.2 OK for: rollup@4.60.2 want: 4.60.2
678 silly placeDep ROOT @rollup/rollup-freebsd-arm64@4.60.2 OK for: rollup@4.60.2 want: 4.60.2
679 silly placeDep ROOT @rollup/rollup-freebsd-x64@4.60.2 OK for: rollup@4.60.2 want: 4.60.2
680 silly placeDep ROOT @rollup/rollup-linux-arm-gnueabihf@4.60.2 OK for: rollup@4.60.2 want: 4.60.2
681 silly placeDep ROOT @rollup/rollup-linux-arm-musleabihf@4.60.2 OK for: rollup@4.60.2 want: 4.60.2
682 silly placeDep ROOT @rollup/rollup-linux-arm64-gnu@4.60.2 OK for: rollup@4.60.2 want: 4.60.2
683 silly placeDep ROOT @rollup/rollup-linux-arm64-musl@4.60.2 OK for: rollup@4.60.2 want: 4.60.2
684 silly placeDep ROOT @rollup/rollup-linux-loong64-gnu@4.60.2 OK for: rollup@4.60.2 want: 4.60.2
685 silly placeDep ROOT @rollup/rollup-linux-loong64-musl@4.60.2 OK for: rollup@4.60.2 want: 4.60.2
686 silly placeDep ROOT @rollup/rollup-linux-ppc64-gnu@4.60.2 OK for: rollup@4.60.2 want: 4.60.2
687 silly placeDep ROOT @rollup/rollup-linux-ppc64-musl@4.60.2 OK for: rollup@4.60.2 want: 4.60.2
688 silly placeDep ROOT @rollup/rollup-linux-riscv64-gnu@4.60.2 OK for: rollup@4.60.2 want: 4.60.2
689 silly placeDep ROOT @rollup/rollup-linux-riscv64-musl@4.60.2 OK for: rollup@4.60.2 want: 4.60.2
690 silly placeDep ROOT @rollup/rollup-linux-s390x-gnu@4.60.2 OK for: rollup@4.60.2 want: 4.60.2
691 silly placeDep ROOT @rollup/rollup-linux-x64-gnu@4.60.2 OK for: rollup@4.60.2 want: 4.60.2
692 silly placeDep ROOT @rollup/rollup-linux-x64-musl@4.60.2 OK for: rollup@4.60.2 want: 4.60.2
693 silly placeDep ROOT @rollup/rollup-openbsd-x64@4.60.2 OK for: rollup@4.60.2 want: 4.60.2
694 silly placeDep ROOT @rollup/rollup-openharmony-arm64@4.60.2 OK for: rollup@4.60.2 want: 4.60.2
695 silly placeDep ROOT @rollup/rollup-win32-arm64-msvc@4.60.2 OK for: rollup@4.60.2 want: 4.60.2
696 silly placeDep ROOT @rollup/rollup-win32-ia32-msvc@4.60.2 OK for: rollup@4.60.2 want: 4.60.2
697 silly placeDep ROOT @rollup/rollup-win32-x64-gnu@4.60.2 OK for: rollup@4.60.2 want: 4.60.2
698 silly placeDep ROOT @rollup/rollup-win32-x64-msvc@4.60.2 OK for: rollup@4.60.2 want: 4.60.2
699 silly placeDep ROOT @types/estree@1.0.8 OK for: rollup@4.60.2 want: 1.0.8
700 silly placeDep ROOT cfb@1.2.2 OK for: xlsx-populate@1.21.0 want: ^1.1.3
701 silly placeDep ROOT jszip@3.10.1 OK for: xlsx-populate@1.21.0 want: ^3.2.2
702 silly placeDep ROOT lodash@4.18.1 OK for: xlsx-populate@1.21.0 want: ^4.17.15
703 silly placeDep ROOT sax@1.6.0 OK for: xlsx-populate@1.21.0 want: ^1.2.4
704 silly fetch manifest adler-32@~1.3.0
705 silly packumentCache full:https://registry.npmjs.org/adler-32 cache-miss
706 silly fetch manifest crc-32@~1.2.0
707 silly packumentCache full:https://registry.npmjs.org/crc-32 cache-miss
708 silly fetch manifest lie@~3.3.0
709 silly packumentCache full:https://registry.npmjs.org/lie cache-miss
710 silly fetch manifest pako@~1.0.2
711 silly packumentCache full:https://registry.npmjs.org/pako cache-miss
712 silly fetch manifest setimmediate@^1.0.5
713 silly packumentCache full:https://registry.npmjs.org/setimmediate cache-miss
714 silly fetch manifest readable-stream@~2.3.6
715 silly packumentCache full:https://registry.npmjs.org/readable-stream cache-miss
716 http fetch GET 200 https://registry.npmjs.org/crc-32 29ms (cache miss)
717 silly packumentCache full:https://registry.npmjs.org/crc-32 set size:undefined disposed:false
718 http fetch GET 200 https://registry.npmjs.org/pako 32ms (cache miss)
719 silly packumentCache full:https://registry.npmjs.org/pako set size:undefined disposed:false
720 http fetch GET 200 https://registry.npmjs.org/adler-32 34ms (cache miss)
721 silly packumentCache full:https://registry.npmjs.org/adler-32 set size:undefined disposed:false
722 http fetch GET 200 https://registry.npmjs.org/lie 34ms (cache miss)
723 silly packumentCache full:https://registry.npmjs.org/lie set size:undefined disposed:false
724 http fetch GET 200 https://registry.npmjs.org/readable-stream 40ms (cache miss)
725 silly packumentCache full:https://registry.npmjs.org/readable-stream set size:undefined disposed:false
726 http fetch GET 200 https://registry.npmjs.org/setimmediate 42ms (cache miss)
727 silly packumentCache full:https://registry.npmjs.org/setimmediate set size:undefined disposed:false
728 silly placeDep ROOT adler-32@1.3.1 OK for: cfb@1.2.2 want: ~1.3.0
729 silly placeDep ROOT crc-32@1.2.2 OK for: cfb@1.2.2 want: ~1.2.0
730 silly placeDep ROOT lie@3.3.0 OK for: jszip@3.10.1 want: ~3.3.0
731 silly placeDep ROOT pako@1.0.11 OK for: jszip@3.10.1 want: ~1.0.2
732 silly placeDep ROOT readable-stream@2.3.8 OK for: jszip@3.10.1 want: ~2.3.6
733 silly placeDep ROOT setimmediate@1.0.5 OK for: jszip@3.10.1 want: ^1.0.5
734 silly fetch manifest immediate@~3.0.5
735 silly packumentCache full:https://registry.npmjs.org/immediate cache-miss
736 silly fetch manifest isarray@~1.0.0
737 silly packumentCache full:https://registry.npmjs.org/isarray cache-miss
738 silly fetch manifest inherits@~2.0.3
739 silly packumentCache full:https://registry.npmjs.org/inherits cache-miss
740 silly fetch manifest safe-buffer@~5.1.1
741 silly packumentCache full:https://registry.npmjs.org/safe-buffer cache-miss
742 silly fetch manifest core-util-is@~1.0.0
743 silly packumentCache full:https://registry.npmjs.org/core-util-is cache-miss
744 silly fetch manifest string_decoder@~1.1.1
745 silly packumentCache full:https://registry.npmjs.org/string_decoder cache-miss
746 silly fetch manifest util-deprecate@~1.0.1
747 silly packumentCache full:https://registry.npmjs.org/util-deprecate cache-miss
748 silly fetch manifest process-nextick-args@~2.0.0
749 silly packumentCache full:https://registry.npmjs.org/process-nextick-args cache-miss
750 http fetch GET 200 https://registry.npmjs.org/process-nextick-args 33ms (cache miss)
751 silly packumentCache full:https://registry.npmjs.org/process-nextick-args set size:undefined disposed:false
752 http fetch GET 200 https://registry.npmjs.org/safe-buffer 33ms (cache miss)
753 silly packumentCache full:https://registry.npmjs.org/safe-buffer set size:undefined disposed:false
754 http fetch GET 200 https://registry.npmjs.org/core-util-is 34ms (cache miss)
755 silly packumentCache full:https://registry.npmjs.org/core-util-is set size:undefined disposed:false
756 http fetch GET 200 https://registry.npmjs.org/util-deprecate 34ms (cache miss)
757 silly packumentCache full:https://registry.npmjs.org/util-deprecate set size:undefined disposed:false
758 http fetch GET 200 https://registry.npmjs.org/isarray 34ms (cache miss)
759 silly packumentCache full:https://registry.npmjs.org/isarray set size:undefined disposed:false
760 http fetch GET 200 https://registry.npmjs.org/string_decoder 34ms (cache miss)
761 silly packumentCache full:https://registry.npmjs.org/string_decoder set size:undefined disposed:false
762 http fetch GET 200 https://registry.npmjs.org/inherits 35ms (cache miss)
763 silly packumentCache full:https://registry.npmjs.org/inherits set size:undefined disposed:false
764 http fetch GET 200 https://registry.npmjs.org/immediate 36ms (cache miss)
765 silly packumentCache full:https://registry.npmjs.org/immediate set size:undefined disposed:false
766 silly placeDep ROOT immediate@3.0.6 OK for: lie@3.3.0 want: ~3.0.5
767 silly placeDep ROOT core-util-is@1.0.3 OK for: readable-stream@2.3.8 want: ~1.0.0
768 silly placeDep ROOT inherits@2.0.4 OK for: readable-stream@2.3.8 want: ~2.0.3
769 silly placeDep ROOT isarray@1.0.0 OK for: readable-stream@2.3.8 want: ~1.0.0
770 silly placeDep ROOT process-nextick-args@2.0.1 OK for: readable-stream@2.3.8 want: ~2.0.0
771 silly placeDep ROOT safe-buffer@5.1.2 OK for: readable-stream@2.3.8 want: ~5.1.1
772 silly placeDep ROOT string_decoder@1.1.1 OK for: readable-stream@2.3.8 want: ~1.1.1
773 silly placeDep ROOT util-deprecate@1.0.2 OK for: readable-stream@2.3.8 want: ~1.0.1
774 silly reify moves {}
775 silly audit bulk request {
775 silly audit   '@vitejs/plugin-react': [ '5.2.0' ],
775 silly audit   vite: [ '7.3.2' ],
775 silly audit   react: [ '19.2.5' ],
775 silly audit   'react-dom': [ '19.2.5' ],
775 silly audit   'xlsx-populate': [ '1.21.0' ],
775 silly audit   '@babel/core': [ '7.29.0' ],
775 silly audit   '@babel/plugin-transform-react-jsx-self': [ '7.27.1' ],
775 silly audit   '@babel/plugin-transform-react-jsx-source': [ '7.27.1' ],
775 silly audit   '@rolldown/pluginutils': [ '1.0.0-rc.3' ],
775 silly audit   '@types/babel__core': [ '7.20.5' ],
775 silly audit   'react-refresh': [ '0.18.0' ],
775 silly audit   '@babel/code-frame': [ '7.29.0' ],
775 silly audit   '@babel/generator': [ '7.29.1' ],
775 silly audit   '@babel/helper-compilation-targets': [ '7.28.6' ],
775 silly audit   '@babel/helper-module-transforms': [ '7.28.6' ],
775 silly audit   '@babel/helpers': [ '7.29.2' ],
775 silly audit   '@babel/parser': [ '7.29.2' ],
775 silly audit   '@babel/template': [ '7.28.6' ],
775 silly audit   '@babel/traverse': [ '7.29.0' ],
775 silly audit   '@babel/types': [ '7.29.0' ],
775 silly audit   '@jridgewell/remapping': [ '2.3.5' ],
775 silly audit   'convert-source-map': [ '2.0.0' ],
775 silly audit   debug: [ '4.4.3' ],
775 silly audit   gensync: [ '1.0.0-beta.2' ],
775 silly audit   json5: [ '2.2.3' ],
775 silly audit   semver: [ '6.3.1' ],
775 silly audit   '@babel/helper-validator-identifier': [ '7.28.5' ],
775 silly audit   'js-tokens': [ '4.0.0' ],
775 silly audit   picocolors: [ '1.1.1' ],
775 silly audit   '@jridgewell/gen-mapping': [ '0.3.13' ],
775 silly audit   '@jridgewell/trace-mapping': [ '0.3.31' ],
775 silly audit   jsesc: [ '3.1.0' ],
775 silly audit   '@babel/compat-data': [ '7.29.0' ],
775 silly audit   '@babel/helper-validator-option': [ '7.27.1' ],
775 silly audit   browserslist: [ '4.28.2' ],
775 silly audit   'lru-cache': [ '5.1.1' ],
775 silly audit   '@babel/helper-module-imports': [ '7.28.6' ],
775 silly audit   '@babel/helper-plugin-utils': [ '7.28.6' ],
775 silly audit   '@babel/helper-globals': [ '7.28.0' ],
775 silly audit   '@babel/helper-string-parser': [ '7.27.1' ],
775 silly audit   '@jridgewell/sourcemap-codec': [ '1.5.5' ],
775 silly audit   '@jridgewell/resolve-uri': [ '3.1.2' ],
775 silly audit   '@types/babel__generator': [ '7.27.0' ],
775 silly audit   '@types/babel__template': [ '7.4.4' ],
775 silly audit   '@types/babel__traverse': [ '7.28.0' ],
775 silly audit   'baseline-browser-mapping': [ '2.10.21' ],
775 silly audit   'caniuse-lite': [ '1.0.30001790' ],
775 silly audit   'electron-to-chromium': [ '1.5.344' ],
775 silly audit   'node-releases': [ '2.0.38' ],
775 silly audit   'update-browserslist-db': [ '1.2.3' ],
775 silly audit   ms: [ '2.1.3' ],
775 silly audit   yallist: [ '3.1.1' ],
775 silly audit   scheduler: [ '0.27.0' ],
775 silly audit   escalade: [ '3.2.0' ],
775 silly audit   esbuild: [ '0.27.7' ],
775 silly audit   fdir: [ '6.5.0' ],
775 silly audit   fsevents: [ '2.3.3' ],
775 silly audit   picomatch: [ '4.0.4' ],
775 silly audit   postcss: [ '8.5.10' ],
775 silly audit   rollup: [ '4.60.2' ],
775 silly audit   tinyglobby: [ '0.2.16' ],
775 silly audit   '@esbuild/aix-ppc64': [ '0.27.7' ],
775 silly audit   '@esbuild/android-arm': [ '0.27.7' ],
775 silly audit   '@esbuild/android-arm64': [ '0.27.7' ],
775 silly audit   '@esbuild/android-x64': [ '0.27.7' ],
775 silly audit   '@esbuild/darwin-arm64': [ '0.27.7' ],
775 silly audit   '@esbuild/darwin-x64': [ '0.27.7' ],
775 silly audit   '@esbuild/freebsd-arm64': [ '0.27.7' ],
775 silly audit   '@esbuild/freebsd-x64': [ '0.27.7' ],
775 silly audit   '@esbuild/linux-arm': [ '0.27.7' ],
775 silly audit   '@esbuild/linux-arm64': [ '0.27.7' ],
775 silly audit   '@esbuild/linux-ia32': [ '0.27.7' ],
775 silly audit   '@esbuild/linux-loong64': [ '0.27.7' ],
775 silly audit   '@esbuild/linux-mips64el': [ '0.27.7' ],
775 silly audit   '@esbuild/linux-ppc64': [ '0.27.7' ],
775 silly audit   '@esbuild/linux-riscv64': [ '0.27.7' ],
775 silly audit   '@esbuild/linux-s390x': [ '0.27.7' ],
775 silly audit   '@esbuild/linux-x64': [ '0.27.7' ],
775 silly audit   '@esbuild/netbsd-arm64': [ '0.27.7' ],
775 silly audit   '@esbuild/netbsd-x64': [ '0.27.7' ],
775 silly audit   '@esbuild/openbsd-arm64': [ '0.27.7' ],
775 silly audit   '@esbuild/openbsd-x64': [ '0.27.7' ],
775 silly audit   '@esbuild/openharmony-arm64': [ '0.27.7' ],
775 silly audit   '@esbuild/sunos-x64': [ '0.27.7' ],
775 silly audit   '@esbuild/win32-arm64': [ '0.27.7' ],
775 silly audit   '@esbuild/win32-ia32': [ '0.27.7' ],
775 silly audit   '@esbuild/win32-x64': [ '0.27.7' ],
775 silly audit   nanoid: [ '3.3.11' ],
775 silly audit   'source-map-js': [ '1.2.1' ],
775 silly audit   '@rollup/rollup-android-arm-eabi': [ '4.60.2' ],
775 silly audit   '@rollup/rollup-android-arm64': [ '4.60.2' ],
775 silly audit   '@rollup/rollup-darwin-arm64': [ '4.60.2' ],
775 silly audit   '@rollup/rollup-darwin-x64': [ '4.60.2' ],
775 silly audit   '@rollup/rollup-freebsd-arm64': [ '4.60.2' ],
775 silly audit   '@rollup/rollup-freebsd-x64': [ '4.60.2' ],
775 silly audit   '@rollup/rollup-linux-arm-gnueabihf': [ '4.60.2' ],
775 silly audit   '@rollup/rollup-linux-arm-musleabihf': [ '4.60.2' ],
775 silly audit   '@rollup/rollup-linux-arm64-gnu': [ '4.60.2' ],
775 silly audit   '@rollup/rollup-linux-arm64-musl': [ '4.60.2' ],
775 silly audit   '@rollup/rollup-linux-loong64-gnu': [ '4.60.2' ],
775 silly audit   '@rollup/rollup-linux-loong64-musl': [ '4.60.2' ],
775 silly audit   '@rollup/rollup-linux-ppc64-gnu': [ '4.60.2' ],
775 silly audit   '@rollup/rollup-linux-ppc64-musl': [ '4.60.2' ],
775 silly audit   '@rollup/rollup-linux-riscv64-gnu': [ '4.60.2' ],
775 silly audit   '@rollup/rollup-linux-riscv64-musl': [ '4.60.2' ],
775 silly audit   '@rollup/rollup-linux-s390x-gnu': [ '4.60.2' ],
775 silly audit   '@rollup/rollup-linux-x64-gnu': [ '4.60.2' ],
775 silly audit   '@rollup/rollup-linux-x64-musl': [ '4.60.2' ],
775 silly audit   '@rollup/rollup-openbsd-x64': [ '4.60.2' ],
775 silly audit   '@rollup/rollup-openharmony-arm64': [ '4.60.2' ],
775 silly audit   '@rollup/rollup-win32-arm64-msvc': [ '4.60.2' ],
775 silly audit   '@rollup/rollup-win32-ia32-msvc': [ '4.60.2' ],
775 silly audit   '@rollup/rollup-win32-x64-gnu': [ '4.60.2' ],
775 silly audit   '@rollup/rollup-win32-x64-msvc': [ '4.60.2' ],
775 silly audit   '@types/estree': [ '1.0.8' ],
775 silly audit   cfb: [ '1.2.2' ],
775 silly audit   jszip: [ '3.10.1' ],
775 silly audit   lodash: [ '4.18.1' ],
775 silly audit   sax: [ '1.6.0' ],
775 silly audit   'adler-32': [ '1.3.1' ],
775 silly audit   'crc-32': [ '1.2.2' ],
775 silly audit   lie: [ '3.3.0' ],
775 silly audit   pako: [ '1.0.11' ],
775 silly audit   'readable-stream': [ '2.3.8' ],
775 silly audit   setimmediate: [ '1.0.5' ],
775 silly audit   immediate: [ '3.0.6' ],
775 silly audit   'core-util-is': [ '1.0.3' ],
775 silly audit   inherits: [ '2.0.4' ],
775 silly audit   isarray: [ '1.0.0' ],
775 silly audit   'process-nextick-args': [ '2.0.1' ],
775 silly audit   'safe-buffer': [ '5.1.2' ],
775 silly audit   string_decoder: [ '1.1.1' ],
775 silly audit   'util-deprecate': [ '1.0.2' ]
775 silly audit }
776 http cache string_decoder@https://registry.npmjs.org/string_decoder/-/string_decoder-1.1.1.tgz 0ms (cache hit)
777 http cache isarray@https://registry.npmjs.org/isarray/-/isarray-1.0.0.tgz 0ms (cache hit)
778 http cache util-deprecate@https://registry.npmjs.org/util-deprecate/-/util-deprecate-1.0.2.tgz 0ms (cache hit)
779 http cache inherits@https://registry.npmjs.org/inherits/-/inherits-2.0.4.tgz 0ms (cache hit)
780 http cache immediate@https://registry.npmjs.org/immediate/-/immediate-3.0.6.tgz 0ms (cache hit)
781 http cache core-util-is@https://registry.npmjs.org/core-util-is/-/core-util-is-1.0.3.tgz 0ms (cache hit)
782 http cache safe-buffer@https://registry.npmjs.org/safe-buffer/-/safe-buffer-5.1.2.tgz 0ms (cache hit)
783 http cache setimmediate@https://registry.npmjs.org/setimmediate/-/setimmediate-1.0.5.tgz 0ms (cache hit)
784 http cache process-nextick-args@https://registry.npmjs.org/process-nextick-args/-/process-nextick-args-2.0.1.tgz 0ms (cache hit)
785 http cache crc-32@https://registry.npmjs.org/crc-32/-/crc-32-1.2.2.tgz 0ms (cache hit)
786 http cache adler-32@https://registry.npmjs.org/adler-32/-/adler-32-1.3.1.tgz 0ms (cache hit)
787 http cache sax@https://registry.npmjs.org/sax/-/sax-1.6.0.tgz 0ms (cache hit)
788 http cache lie@https://registry.npmjs.org/lie/-/lie-3.3.0.tgz 0ms (cache hit)
789 http cache readable-stream@https://registry.npmjs.org/readable-stream/-/readable-stream-2.3.8.tgz 0ms (cache hit)
790 http cache lodash@https://registry.npmjs.org/lodash/-/lodash-4.18.1.tgz 0ms (cache hit)
791 http cache jszip@https://registry.npmjs.org/jszip/-/jszip-3.10.1.tgz 0ms (cache hit)
792 http cache @types/estree@https://registry.npmjs.org/@types/estree/-/estree-1.0.8.tgz 0ms (cache hit)
793 http cache @rollup/rollup-darwin-arm64@https://registry.npmjs.org/@rollup/rollup-darwin-arm64/-/rollup-darwin-arm64-4.60.2.tgz 0ms (cache hit)
794 http cache source-map-js@https://registry.npmjs.org/source-map-js/-/source-map-js-1.2.1.tgz 1ms (cache hit)
795 http cache pako@https://registry.npmjs.org/pako/-/pako-1.0.11.tgz 0ms (cache hit)
796 http cache postcss@https://registry.npmjs.org/postcss/-/postcss-8.5.10.tgz 0ms (cache hit)
797 http cache rollup@https://registry.npmjs.org/rollup/-/rollup-4.60.2.tgz 0ms (cache hit)
798 http cache cfb@https://registry.npmjs.org/cfb/-/cfb-1.2.2.tgz 0ms (cache hit)
799 http cache @esbuild/darwin-arm64@https://registry.npmjs.org/@esbuild/darwin-arm64/-/darwin-arm64-0.27.7.tgz 0ms (cache hit)
800 http cache tinyglobby@https://registry.npmjs.org/tinyglobby/-/tinyglobby-0.2.16.tgz 0ms (cache hit)
801 http cache fdir@https://registry.npmjs.org/fdir/-/fdir-6.5.0.tgz 0ms (cache hit)
802 http cache fsevents@https://registry.npmjs.org/fsevents/-/fsevents-2.3.3.tgz 0ms (cache hit)
803 http cache scheduler@https://registry.npmjs.org/scheduler/-/scheduler-0.27.0.tgz 0ms (cache hit)
804 http cache nanoid@https://registry.npmjs.org/nanoid/-/nanoid-3.3.11.tgz 0ms (cache hit)
805 http cache esbuild@https://registry.npmjs.org/esbuild/-/esbuild-0.27.7.tgz 0ms (cache hit)
806 http cache escalade@https://registry.npmjs.org/escalade/-/escalade-3.2.0.tgz 0ms (cache hit)
807 http cache yallist@https://registry.npmjs.org/yallist/-/yallist-3.1.1.tgz 0ms (cache hit)
808 http cache ms@https://registry.npmjs.org/ms/-/ms-2.1.3.tgz 0ms (cache hit)
809 http cache node-releases@https://registry.npmjs.org/node-releases/-/node-releases-2.0.38.tgz 0ms (cache hit)
810 http cache update-browserslist-db@https://registry.npmjs.org/update-browserslist-db/-/update-browserslist-db-1.2.3.tgz 0ms (cache hit)
811 http cache electron-to-chromium@https://registry.npmjs.org/electron-to-chromium/-/electron-to-chromium-1.5.344.tgz 0ms (cache hit)
812 http cache picomatch@https://registry.npmjs.org/picomatch/-/picomatch-4.0.4.tgz 0ms (cache hit)
813 http cache baseline-browser-mapping@https://registry.npmjs.org/baseline-browser-mapping/-/baseline-browser-mapping-2.10.21.tgz 0ms (cache hit)
814 http cache @types/babel__traverse@https://registry.npmjs.org/@types/babel__traverse/-/babel__traverse-7.28.0.tgz 0ms (cache hit)
815 http cache @types/babel__template@https://registry.npmjs.org/@types/babel__template/-/babel__template-7.4.4.tgz 0ms (cache hit)
816 http cache caniuse-lite@https://registry.npmjs.org/caniuse-lite/-/caniuse-lite-1.0.30001790.tgz 0ms (cache hit)
817 http cache @types/babel__generator@https://registry.npmjs.org/@types/babel__generator/-/babel__generator-7.27.0.tgz 0ms (cache hit)
818 http cache @jridgewell/sourcemap-codec@https://registry.npmjs.org/@jridgewell/sourcemap-codec/-/sourcemap-codec-1.5.5.tgz 0ms (cache hit)
819 http cache @babel/helper-globals@https://registry.npmjs.org/@babel/helper-globals/-/helper-globals-7.28.0.tgz 0ms (cache hit)
820 http cache @jridgewell/resolve-uri@https://registry.npmjs.org/@jridgewell/resolve-uri/-/resolve-uri-3.1.2.tgz 0ms (cache hit)
821 http cache @babel/helper-module-imports@https://registry.npmjs.org/@babel/helper-module-imports/-/helper-module-imports-7.28.6.tgz 0ms (cache hit)
822 http cache lru-cache@https://registry.npmjs.org/lru-cache/-/lru-cache-5.1.1.tgz 0ms (cache hit)
823 http cache browserslist@https://registry.npmjs.org/browserslist/-/browserslist-4.28.2.tgz 0ms (cache hit)
824 http cache @babel/helper-string-parser@https://registry.npmjs.org/@babel/helper-string-parser/-/helper-string-parser-7.27.1.tgz 0ms (cache hit)
825 http cache @babel/helper-validator-option@https://registry.npmjs.org/@babel/helper-validator-option/-/helper-validator-option-7.27.1.tgz 0ms (cache hit)
826 http cache @babel/compat-data@https://registry.npmjs.org/@babel/compat-data/-/compat-data-7.29.0.tgz 0ms (cache hit)
827 http cache @babel/helper-plugin-utils@https://registry.npmjs.org/@babel/helper-plugin-utils/-/helper-plugin-utils-7.28.6.tgz 0ms (cache hit)
828 http cache jsesc@https://registry.npmjs.org/jsesc/-/jsesc-3.1.0.tgz 0ms (cache hit)
829 http cache gensync@https://registry.npmjs.org/gensync/-/gensync-1.0.0-beta.2.tgz 0ms (cache hit)
830 http cache @jridgewell/trace-mapping@https://registry.npmjs.org/@jridgewell/trace-mapping/-/trace-mapping-0.3.31.tgz 0ms (cache hit)
831 http cache @babel/helper-validator-identifier@https://registry.npmjs.org/@babel/helper-validator-identifier/-/helper-validator-identifier-7.28.5.tgz 0ms (cache hit)
832 http cache js-tokens@https://registry.npmjs.org/js-tokens/-/js-tokens-4.0.0.tgz 0ms (cache hit)
833 http cache @jridgewell/gen-mapping@https://registry.npmjs.org/@jridgewell/gen-mapping/-/gen-mapping-0.3.13.tgz 0ms (cache hit)
834 http cache debug@https://registry.npmjs.org/debug/-/debug-4.4.3.tgz 0ms (cache hit)
835 http cache convert-source-map@https://registry.npmjs.org/convert-source-map/-/convert-source-map-2.0.0.tgz 0ms (cache hit)
836 http cache semver@https://registry.npmjs.org/semver/-/semver-6.3.1.tgz 0ms (cache hit)
837 http cache picocolors@https://registry.npmjs.org/picocolors/-/picocolors-1.1.1.tgz 0ms (cache hit)
838 http cache @babel/traverse@https://registry.npmjs.org/@babel/traverse/-/traverse-7.29.0.tgz 0ms (cache hit)
839 http cache @jridgewell/remapping@https://registry.npmjs.org/@jridgewell/remapping/-/remapping-2.3.5.tgz 0ms (cache hit)
840 http cache @babel/helper-module-transforms@https://registry.npmjs.org/@babel/helper-module-transforms/-/helper-module-transforms-7.28.6.tgz 0ms (cache hit)
841 http cache @babel/types@https://registry.npmjs.org/@babel/types/-/types-7.29.0.tgz 0ms (cache hit)
842 http cache @babel/helpers@https://registry.npmjs.org/@babel/helpers/-/helpers-7.29.2.tgz 0ms (cache hit)
843 http cache @babel/template@https://registry.npmjs.org/@babel/template/-/template-7.28.6.tgz 0ms (cache hit)
844 http cache json5@https://registry.npmjs.org/json5/-/json5-2.2.3.tgz 0ms (cache hit)
845 http cache @babel/helper-compilation-targets@https://registry.npmjs.org/@babel/helper-compilation-targets/-/helper-compilation-targets-7.28.6.tgz 0ms (cache hit)
846 http cache @babel/parser@https://registry.npmjs.org/@babel/parser/-/parser-7.29.2.tgz 0ms (cache hit)
847 http cache @babel/generator@https://registry.npmjs.org/@babel/generator/-/generator-7.29.1.tgz 0ms (cache hit)
848 http cache @babel/code-frame@https://registry.npmjs.org/@babel/code-frame/-/code-frame-7.29.0.tgz 0ms (cache hit)
849 http cache @types/babel__core@https://registry.npmjs.org/@types/babel__core/-/babel__core-7.20.5.tgz 0ms (cache hit)
850 http cache react-refresh@https://registry.npmjs.org/react-refresh/-/react-refresh-0.18.0.tgz 0ms (cache hit)
851 http cache @babel/plugin-transform-react-jsx-source@https://registry.npmjs.org/@babel/plugin-transform-react-jsx-source/-/plugin-transform-react-jsx-source-7.27.1.tgz 0ms (cache hit)
852 http cache @rolldown/pluginutils@https://registry.npmjs.org/@rolldown/pluginutils/-/pluginutils-1.0.0-rc.3.tgz 0ms (cache hit)
853 http cache @babel/core@https://registry.npmjs.org/@babel/core/-/core-7.29.0.tgz 0ms (cache hit)
854 http cache @babel/plugin-transform-react-jsx-self@https://registry.npmjs.org/@babel/plugin-transform-react-jsx-self/-/plugin-transform-react-jsx-self-7.27.1.tgz 0ms (cache hit)
855 http cache xlsx-populate@https://registry.npmjs.org/xlsx-populate/-/xlsx-populate-1.21.0.tgz 0ms (cache hit)
856 http cache react@https://registry.npmjs.org/react/-/react-19.2.5.tgz 0ms (cache hit)
857 http cache react-dom@https://registry.npmjs.org/react-dom/-/react-dom-19.2.5.tgz 0ms (cache hit)
858 silly tarball no local data for string_decoder@https://registry.npmjs.org/string_decoder/-/string_decoder-1.1.1.tgz. Extracting by manifest.
859 silly tarball no local data for isarray@https://registry.npmjs.org/isarray/-/isarray-1.0.0.tgz. Extracting by manifest.
860 silly tarball no local data for util-deprecate@https://registry.npmjs.org/util-deprecate/-/util-deprecate-1.0.2.tgz. Extracting by manifest.
861 silly tarball no local data for inherits@https://registry.npmjs.org/inherits/-/inherits-2.0.4.tgz. Extracting by manifest.
862 silly tarball no local data for immediate@https://registry.npmjs.org/immediate/-/immediate-3.0.6.tgz. Extracting by manifest.
863 silly tarball no local data for core-util-is@https://registry.npmjs.org/core-util-is/-/core-util-is-1.0.3.tgz. Extracting by manifest.
864 silly tarball no local data for safe-buffer@https://registry.npmjs.org/safe-buffer/-/safe-buffer-5.1.2.tgz. Extracting by manifest.
865 silly tarball no local data for setimmediate@https://registry.npmjs.org/setimmediate/-/setimmediate-1.0.5.tgz. Extracting by manifest.
866 silly tarball no local data for process-nextick-args@https://registry.npmjs.org/process-nextick-args/-/process-nextick-args-2.0.1.tgz. Extracting by manifest.
867 silly tarball no local data for crc-32@https://registry.npmjs.org/crc-32/-/crc-32-1.2.2.tgz. Extracting by manifest.
868 silly tarball no local data for adler-32@https://registry.npmjs.org/adler-32/-/adler-32-1.3.1.tgz. Extracting by manifest.
869 silly tarball no local data for sax@https://registry.npmjs.org/sax/-/sax-1.6.0.tgz. Extracting by manifest.
870 silly tarball no local data for lie@https://registry.npmjs.org/lie/-/lie-3.3.0.tgz. Extracting by manifest.
871 silly tarball no local data for readable-stream@https://registry.npmjs.org/readable-stream/-/readable-stream-2.3.8.tgz. Extracting by manifest.
872 silly tarball no local data for lodash@https://registry.npmjs.org/lodash/-/lodash-4.18.1.tgz. Extracting by manifest.
873 silly tarball no local data for jszip@https://registry.npmjs.org/jszip/-/jszip-3.10.1.tgz. Extracting by manifest.
874 silly tarball no local data for @types/estree@https://registry.npmjs.org/@types/estree/-/estree-1.0.8.tgz. Extracting by manifest.
875 http cache @vitejs/plugin-react@https://registry.npmjs.org/@vitejs/plugin-react/-/plugin-react-5.2.0.tgz 0ms (cache hit)
876 silly tarball no local data for @rollup/rollup-darwin-arm64@https://registry.npmjs.org/@rollup/rollup-darwin-arm64/-/rollup-darwin-arm64-4.60.2.tgz. Extracting by manifest.
877 http cache vite@https://registry.npmjs.org/vite/-/vite-7.3.2.tgz 0ms (cache hit)
878 silly tarball no local data for source-map-js@https://registry.npmjs.org/source-map-js/-/source-map-js-1.2.1.tgz. Extracting by manifest.
879 silly tarball no local data for pako@https://registry.npmjs.org/pako/-/pako-1.0.11.tgz. Extracting by manifest.
880 silly tarball no local data for postcss@https://registry.npmjs.org/postcss/-/postcss-8.5.10.tgz. Extracting by manifest.
881 silly tarball no local data for rollup@https://registry.npmjs.org/rollup/-/rollup-4.60.2.tgz. Extracting by manifest.
882 silly tarball no local data for cfb@https://registry.npmjs.org/cfb/-/cfb-1.2.2.tgz. Extracting by manifest.
883 silly tarball no local data for @esbuild/darwin-arm64@https://registry.npmjs.org/@esbuild/darwin-arm64/-/darwin-arm64-0.27.7.tgz. Extracting by manifest.
884 silly tarball no local data for tinyglobby@https://registry.npmjs.org/tinyglobby/-/tinyglobby-0.2.16.tgz. Extracting by manifest.
885 silly tarball no local data for fdir@https://registry.npmjs.org/fdir/-/fdir-6.5.0.tgz. Extracting by manifest.
886 silly tarball no local data for fsevents@https://registry.npmjs.org/fsevents/-/fsevents-2.3.3.tgz. Extracting by manifest.
887 silly tarball no local data for scheduler@https://registry.npmjs.org/scheduler/-/scheduler-0.27.0.tgz. Extracting by manifest.
888 silly tarball no local data for nanoid@https://registry.npmjs.org/nanoid/-/nanoid-3.3.11.tgz. Extracting by manifest.
889 silly tarball no local data for esbuild@https://registry.npmjs.org/esbuild/-/esbuild-0.27.7.tgz. Extracting by manifest.
890 silly tarball no local data for escalade@https://registry.npmjs.org/escalade/-/escalade-3.2.0.tgz. Extracting by manifest.
891 silly tarball no local data for yallist@https://registry.npmjs.org/yallist/-/yallist-3.1.1.tgz. Extracting by manifest.
892 silly tarball no local data for ms@https://registry.npmjs.org/ms/-/ms-2.1.3.tgz. Extracting by manifest.
893 silly tarball no local data for node-releases@https://registry.npmjs.org/node-releases/-/node-releases-2.0.38.tgz. Extracting by manifest.
894 silly tarball no local data for update-browserslist-db@https://registry.npmjs.org/update-browserslist-db/-/update-browserslist-db-1.2.3.tgz. Extracting by manifest.
895 silly tarball no local data for electron-to-chromium@https://registry.npmjs.org/electron-to-chromium/-/electron-to-chromium-1.5.344.tgz. Extracting by manifest.
896 silly tarball no local data for picomatch@https://registry.npmjs.org/picomatch/-/picomatch-4.0.4.tgz. Extracting by manifest.
897 silly tarball no local data for baseline-browser-mapping@https://registry.npmjs.org/baseline-browser-mapping/-/baseline-browser-mapping-2.10.21.tgz. Extracting by manifest.
898 silly tarball no local data for @types/babel__traverse@https://registry.npmjs.org/@types/babel__traverse/-/babel__traverse-7.28.0.tgz. Extracting by manifest.
899 silly tarball no local data for @types/babel__template@https://registry.npmjs.org/@types/babel__template/-/babel__template-7.4.4.tgz. Extracting by manifest.
900 silly tarball no local data for caniuse-lite@https://registry.npmjs.org/caniuse-lite/-/caniuse-lite-1.0.30001790.tgz. Extracting by manifest.
901 silly tarball no local data for @types/babel__generator@https://registry.npmjs.org/@types/babel__generator/-/babel__generator-7.27.0.tgz. Extracting by manifest.
902 silly tarball no local data for @jridgewell/sourcemap-codec@https://registry.npmjs.org/@jridgewell/sourcemap-codec/-/sourcemap-codec-1.5.5.tgz. Extracting by manifest.
903 silly tarball no local data for @babel/helper-globals@https://registry.npmjs.org/@babel/helper-globals/-/helper-globals-7.28.0.tgz. Extracting by manifest.
904 silly tarball no local data for @jridgewell/resolve-uri@https://registry.npmjs.org/@jridgewell/resolve-uri/-/resolve-uri-3.1.2.tgz. Extracting by manifest.
905 silly tarball no local data for @babel/helper-module-imports@https://registry.npmjs.org/@babel/helper-module-imports/-/helper-module-imports-7.28.6.tgz. Extracting by manifest.
906 silly tarball no local data for lru-cache@https://registry.npmjs.org/lru-cache/-/lru-cache-5.1.1.tgz. Extracting by manifest.
907 silly tarball no local data for browserslist@https://registry.npmjs.org/browserslist/-/browserslist-4.28.2.tgz. Extracting by manifest.
908 silly tarball no local data for @babel/helper-string-parser@https://registry.npmjs.org/@babel/helper-string-parser/-/helper-string-parser-7.27.1.tgz. Extracting by manifest.
909 silly tarball no local data for @babel/helper-validator-option@https://registry.npmjs.org/@babel/helper-validator-option/-/helper-validator-option-7.27.1.tgz. Extracting by manifest.
910 silly tarball no local data for @babel/compat-data@https://registry.npmjs.org/@babel/compat-data/-/compat-data-7.29.0.tgz. Extracting by manifest.
911 silly tarball no local data for @babel/helper-plugin-utils@https://registry.npmjs.org/@babel/helper-plugin-utils/-/helper-plugin-utils-7.28.6.tgz. Extracting by manifest.
912 silly tarball no local data for jsesc@https://registry.npmjs.org/jsesc/-/jsesc-3.1.0.tgz. Extracting by manifest.
913 silly tarball no local data for gensync@https://registry.npmjs.org/gensync/-/gensync-1.0.0-beta.2.tgz. Extracting by manifest.
914 silly tarball no local data for @jridgewell/trace-mapping@https://registry.npmjs.org/@jridgewell/trace-mapping/-/trace-mapping-0.3.31.tgz. Extracting by manifest.
915 silly tarball no local data for @babel/helper-validator-identifier@https://registry.npmjs.org/@babel/helper-validator-identifier/-/helper-validator-identifier-7.28.5.tgz. Extracting by manifest.
916 silly tarball no local data for js-tokens@https://registry.npmjs.org/js-tokens/-/js-tokens-4.0.0.tgz. Extracting by manifest.
917 silly tarball no local data for @jridgewell/gen-mapping@https://registry.npmjs.org/@jridgewell/gen-mapping/-/gen-mapping-0.3.13.tgz. Extracting by manifest.
918 silly tarball no local data for debug@https://registry.npmjs.org/debug/-/debug-4.4.3.tgz. Extracting by manifest.
919 silly tarball no local data for convert-source-map@https://registry.npmjs.org/convert-source-map/-/convert-source-map-2.0.0.tgz. Extracting by manifest.
920 silly tarball no local data for semver@https://registry.npmjs.org/semver/-/semver-6.3.1.tgz. Extracting by manifest.
921 silly tarball no local data for picocolors@https://registry.npmjs.org/picocolors/-/picocolors-1.1.1.tgz. Extracting by manifest.
922 silly tarball no local data for @babel/traverse@https://registry.npmjs.org/@babel/traverse/-/traverse-7.29.0.tgz. Extracting by manifest.
923 silly tarball no local data for @jridgewell/remapping@https://registry.npmjs.org/@jridgewell/remapping/-/remapping-2.3.5.tgz. Extracting by manifest.
924 silly tarball no local data for @babel/helper-module-transforms@https://registry.npmjs.org/@babel/helper-module-transforms/-/helper-module-transforms-7.28.6.tgz. Extracting by manifest.
925 silly tarball no local data for @babel/types@https://registry.npmjs.org/@babel/types/-/types-7.29.0.tgz. Extracting by manifest.
926 silly tarball no local data for @babel/helpers@https://registry.npmjs.org/@babel/helpers/-/helpers-7.29.2.tgz. Extracting by manifest.
927 silly tarball no local data for @babel/template@https://registry.npmjs.org/@babel/template/-/template-7.28.6.tgz. Extracting by manifest.
928 silly tarball no local data for json5@https://registry.npmjs.org/json5/-/json5-2.2.3.tgz. Extracting by manifest.
929 silly tarball no local data for @babel/helper-compilation-targets@https://registry.npmjs.org/@babel/helper-compilation-targets/-/helper-compilation-targets-7.28.6.tgz. Extracting by manifest.
930 silly tarball no local data for @babel/parser@https://registry.npmjs.org/@babel/parser/-/parser-7.29.2.tgz. Extracting by manifest.
931 silly tarball no local data for @babel/generator@https://registry.npmjs.org/@babel/generator/-/generator-7.29.1.tgz. Extracting by manifest.
932 silly tarball no local data for @babel/code-frame@https://registry.npmjs.org/@babel/code-frame/-/code-frame-7.29.0.tgz. Extracting by manifest.
933 silly tarball no local data for @types/babel__core@https://registry.npmjs.org/@types/babel__core/-/babel__core-7.20.5.tgz. Extracting by manifest.
934 silly tarball no local data for react-refresh@https://registry.npmjs.org/react-refresh/-/react-refresh-0.18.0.tgz. Extracting by manifest.
935 silly tarball no local data for @babel/plugin-transform-react-jsx-source@https://registry.npmjs.org/@babel/plugin-transform-react-jsx-source/-/plugin-transform-react-jsx-source-7.27.1.tgz. Extracting by manifest.
936 silly tarball no local data for @rolldown/pluginutils@https://registry.npmjs.org/@rolldown/pluginutils/-/pluginutils-1.0.0-rc.3.tgz. Extracting by manifest.
937 silly tarball no local data for @babel/core@https://registry.npmjs.org/@babel/core/-/core-7.29.0.tgz. Extracting by manifest.
938 silly tarball no local data for @babel/plugin-transform-react-jsx-self@https://registry.npmjs.org/@babel/plugin-transform-react-jsx-self/-/plugin-transform-react-jsx-self-7.27.1.tgz. Extracting by manifest.
939 silly tarball no local data for xlsx-populate@https://registry.npmjs.org/xlsx-populate/-/xlsx-populate-1.21.0.tgz. Extracting by manifest.
940 silly tarball no local data for react@https://registry.npmjs.org/react/-/react-19.2.5.tgz. Extracting by manifest.
941 silly tarball no local data for react-dom@https://registry.npmjs.org/react-dom/-/react-dom-19.2.5.tgz. Extracting by manifest.
942 silly tarball no local data for @vitejs/plugin-react@https://registry.npmjs.org/@vitejs/plugin-react/-/plugin-react-5.2.0.tgz. Extracting by manifest.
943 silly tarball no local data for vite@https://registry.npmjs.org/vite/-/vite-7.3.2.tgz. Extracting by manifest.
944 http fetch GET 200 https://registry.npmjs.org/string_decoder/-/string_decoder-1.1.1.tgz 49ms (cache miss)
945 http fetch GET 200 https://registry.npmjs.org/inherits/-/inherits-2.0.4.tgz 48ms (cache miss)
946 http fetch GET 200 https://registry.npmjs.org/isarray/-/isarray-1.0.0.tgz 50ms (cache miss)
947 http fetch GET 200 https://registry.npmjs.org/immediate/-/immediate-3.0.6.tgz 50ms (cache miss)
948 http fetch GET 200 https://registry.npmjs.org/setimmediate/-/setimmediate-1.0.5.tgz 51ms (cache miss)
949 http fetch GET 200 https://registry.npmjs.org/core-util-is/-/core-util-is-1.0.3.tgz 51ms (cache miss)
950 http fetch GET 200 https://registry.npmjs.org/util-deprecate/-/util-deprecate-1.0.2.tgz 51ms (cache miss)
951 http fetch GET 200 https://registry.npmjs.org/safe-buffer/-/safe-buffer-5.1.2.tgz 51ms (cache miss)
952 http fetch GET 200 https://registry.npmjs.org/@types/estree/-/estree-1.0.8.tgz 107ms (cache miss)
953 http fetch GET 200 https://registry.npmjs.org/process-nextick-args/-/process-nextick-args-2.0.1.tgz 110ms (cache miss)
954 http fetch GET 200 https://registry.npmjs.org/adler-32/-/adler-32-1.3.1.tgz 111ms (cache miss)
955 http fetch GET 200 https://registry.npmjs.org/crc-32/-/crc-32-1.2.2.tgz 115ms (cache miss)
956 http fetch GET 200 https://registry.npmjs.org/sax/-/sax-1.6.0.tgz 115ms (cache miss)
957 http fetch GET 200 https://registry.npmjs.org/lie/-/lie-3.3.0.tgz 115ms (cache miss)
958 http fetch GET 200 https://registry.npmjs.org/tinyglobby/-/tinyglobby-0.2.16.tgz 138ms (cache miss)
959 http fetch GET 200 https://registry.npmjs.org/source-map-js/-/source-map-js-1.2.1.tgz 141ms (cache miss)
960 http fetch GET 200 https://registry.npmjs.org/fdir/-/fdir-6.5.0.tgz 161ms (cache miss)
961 http fetch GET 200 https://registry.npmjs.org/fsevents/-/fsevents-2.3.3.tgz 166ms (cache miss)
962 http fetch GET 200 https://registry.npmjs.org/ms/-/ms-2.1.3.tgz 166ms (cache miss)
963 http fetch GET 200 https://registry.npmjs.org/yallist/-/yallist-3.1.1.tgz 168ms (cache miss)
964 http fetch GET 200 https://registry.npmjs.org/escalade/-/escalade-3.2.0.tgz 170ms (cache miss)
965 http fetch GET 200 https://registry.npmjs.org/node-releases/-/node-releases-2.0.38.tgz 172ms (cache miss)
966 http fetch GET 200 https://registry.npmjs.org/update-browserslist-db/-/update-browserslist-db-1.2.3.tgz 174ms (cache miss)
967 http fetch GET 200 https://registry.npmjs.org/@types/babel__template/-/babel__template-7.4.4.tgz 174ms (cache miss)
968 http fetch GET 200 https://registry.npmjs.org/@types/babel__traverse/-/babel__traverse-7.28.0.tgz 176ms (cache miss)
969 http fetch GET 200 https://registry.npmjs.org/scheduler/-/scheduler-0.27.0.tgz 179ms (cache miss)
970 http fetch GET 200 https://registry.npmjs.org/cfb/-/cfb-1.2.2.tgz 184ms (cache miss)
971 http fetch GET 200 https://registry.npmjs.org/picomatch/-/picomatch-4.0.4.tgz 184ms (cache miss)
972 http fetch GET 200 https://registry.npmjs.org/@types/babel__generator/-/babel__generator-7.27.0.tgz 185ms (cache miss)
973 http fetch GET 200 https://registry.npmjs.org/@babel/helper-globals/-/helper-globals-7.28.0.tgz 187ms (cache miss)
974 http fetch GET 200 https://registry.npmjs.org/electron-to-chromium/-/electron-to-chromium-1.5.344.tgz 190ms (cache miss)
975 http fetch GET 200 https://registry.npmjs.org/lru-cache/-/lru-cache-5.1.1.tgz 192ms (cache miss)
976 http fetch GET 200 https://registry.npmjs.org/baseline-browser-mapping/-/baseline-browser-mapping-2.10.21.tgz 199ms (cache miss)
977 http fetch POST 200 https://registry.npmjs.org/-/npm/v1/security/advisories/bulk 212ms
978 silly audit report {}
979 http fetch GET 200 https://registry.npmjs.org/nanoid/-/nanoid-3.3.11.tgz 202ms (cache miss)
980 http fetch GET 200 https://registry.npmjs.org/readable-stream/-/readable-stream-2.3.8.tgz 205ms (cache miss)
981 http fetch GET 200 https://registry.npmjs.org/esbuild/-/esbuild-0.27.7.tgz 203ms (cache miss)
982 http fetch GET 200 https://registry.npmjs.org/@jridgewell/resolve-uri/-/resolve-uri-3.1.2.tgz 206ms (cache miss)
983 http fetch GET 200 https://registry.npmjs.org/browserslist/-/browserslist-4.28.2.tgz 207ms (cache miss)
984 http fetch GET 200 https://registry.npmjs.org/@babel/helper-validator-option/-/helper-validator-option-7.27.1.tgz 206ms (cache miss)
985 http fetch GET 200 https://registry.npmjs.org/jsesc/-/jsesc-3.1.0.tgz 207ms (cache miss)
986 http fetch GET 200 https://registry.npmjs.org/@babel/helper-plugin-utils/-/helper-plugin-utils-7.28.6.tgz 207ms (cache miss)
987 http fetch GET 200 https://registry.npmjs.org/@babel/compat-data/-/compat-data-7.29.0.tgz 209ms (cache miss)
988 http fetch GET 200 https://registry.npmjs.org/@babel/helper-string-parser/-/helper-string-parser-7.27.1.tgz 210ms (cache miss)
989 http fetch GET 200 https://registry.npmjs.org/gensync/-/gensync-1.0.0-beta.2.tgz 212ms (cache miss)
990 http fetch GET 200 https://registry.npmjs.org/js-tokens/-/js-tokens-4.0.0.tgz 212ms (cache miss)
991 http fetch GET 200 https://registry.npmjs.org/@rollup/rollup-darwin-arm64/-/rollup-darwin-arm64-4.60.2.tgz 223ms (cache miss)
992 http fetch GET 200 https://registry.npmjs.org/debug/-/debug-4.4.3.tgz 223ms (cache miss)
993 http fetch GET 200 https://registry.npmjs.org/convert-source-map/-/convert-source-map-2.0.0.tgz 226ms (cache miss)
994 http fetch GET 200 https://registry.npmjs.org/@jridgewell/sourcemap-codec/-/sourcemap-codec-1.5.5.tgz 229ms (cache miss)
995 http fetch GET 200 https://registry.npmjs.org/@babel/helper-validator-identifier/-/helper-validator-identifier-7.28.5.tgz 228ms (cache miss)
996 http fetch GET 200 https://registry.npmjs.org/picocolors/-/picocolors-1.1.1.tgz 228ms (cache miss)
997 http fetch GET 200 https://registry.npmjs.org/pako/-/pako-1.0.11.tgz 233ms (cache miss)
998 http fetch GET 200 https://registry.npmjs.org/semver/-/semver-6.3.1.tgz 233ms (cache miss)
999 http fetch GET 200 https://registry.npmjs.org/postcss/-/postcss-8.5.10.tgz 240ms (cache miss)
1000 http fetch GET 200 https://registry.npmjs.org/@babel/helper-module-transforms/-/helper-module-transforms-7.28.6.tgz 251ms (cache miss)
1001 http fetch GET 200 https://registry.npmjs.org/@jridgewell/gen-mapping/-/gen-mapping-0.3.13.tgz 257ms (cache miss)
1002 http fetch GET 200 https://registry.npmjs.org/jszip/-/jszip-3.10.1.tgz 265ms (cache miss)
1003 http fetch GET 200 https://registry.npmjs.org/@babel/code-frame/-/code-frame-7.29.0.tgz 260ms (cache miss)
1004 http fetch GET 200 https://registry.npmjs.org/react-refresh/-/react-refresh-0.18.0.tgz 264ms (cache miss)
1005 http fetch GET 200 https://registry.npmjs.org/@types/babel__core/-/babel__core-7.20.5.tgz 266ms (cache miss)
1006 http fetch GET 200 https://registry.npmjs.org/@babel/plugin-transform-react-jsx-source/-/plugin-transform-react-jsx-source-7.27.1.tgz 270ms (cache miss)
1007 http fetch GET 200 https://registry.npmjs.org/json5/-/json5-2.2.3.tgz 272ms (cache miss)
1008 http fetch GET 200 https://registry.npmjs.org/@babel/helper-compilation-targets/-/helper-compilation-targets-7.28.6.tgz 273ms (cache miss)
1009 http fetch GET 200 https://registry.npmjs.org/@jridgewell/remapping/-/remapping-2.3.5.tgz 277ms (cache miss)
1010 http fetch GET 200 https://registry.npmjs.org/@jridgewell/trace-mapping/-/trace-mapping-0.3.31.tgz 279ms (cache miss)
1011 http fetch GET 200 https://registry.npmjs.org/@babel/template/-/template-7.28.6.tgz 277ms (cache miss)
1012 http fetch GET 200 https://registry.npmjs.org/@babel/plugin-transform-react-jsx-self/-/plugin-transform-react-jsx-self-7.27.1.tgz 285ms (cache miss)
1013 http fetch GET 200 https://registry.npmjs.org/@rolldown/pluginutils/-/pluginutils-1.0.0-rc.3.tgz 285ms (cache miss)
1014 http fetch GET 200 https://registry.npmjs.org/rollup/-/rollup-4.60.2.tgz 292ms (cache miss)
1015 http fetch GET 200 https://registry.npmjs.org/@vitejs/plugin-react/-/plugin-react-5.2.0.tgz 293ms (cache miss)
1016 http fetch GET 200 https://registry.npmjs.org/react/-/react-19.2.5.tgz 325ms (cache miss)
1017 http fetch GET 200 https://registry.npmjs.org/@babel/generator/-/generator-7.29.1.tgz 349ms (cache miss)
1018 http fetch GET 200 https://registry.npmjs.org/@babel/traverse/-/traverse-7.29.0.tgz 361ms (cache miss)
1019 http fetch GET 200 https://registry.npmjs.org/@babel/parser/-/parser-7.29.2.tgz 370ms (cache miss)
1020 http fetch GET 200 https://registry.npmjs.org/@babel/helper-module-imports/-/helper-module-imports-7.28.6.tgz 380ms (cache miss)
1021 http fetch GET 200 https://registry.npmjs.org/vite/-/vite-7.3.2.tgz 380ms (cache miss)
1022 http fetch GET 200 https://registry.npmjs.org/@babel/core/-/core-7.29.0.tgz 440ms (cache miss)
1023 http fetch GET 200 https://registry.npmjs.org/@babel/types/-/types-7.29.0.tgz 488ms (cache miss)
1024 http fetch GET 200 https://registry.npmjs.org/@babel/helpers/-/helpers-7.29.2.tgz 513ms (cache miss)
1025 http fetch GET 200 https://registry.npmjs.org/@esbuild/darwin-arm64/-/darwin-arm64-0.27.7.tgz 544ms (cache miss)
1026 http fetch GET 200 https://registry.npmjs.org/react-dom/-/react-dom-19.2.5.tgz 540ms (cache miss)
1027 http fetch GET 200 https://registry.npmjs.org/xlsx-populate/-/xlsx-populate-1.21.0.tgz 559ms (cache miss)
1028 http fetch GET 200 https://registry.npmjs.org/lodash/-/lodash-4.18.1.tgz 570ms (cache miss)
1029 http fetch GET 200 https://registry.npmjs.org/caniuse-lite/-/caniuse-lite-1.0.30001790.tgz 680ms (cache miss)
1030 info run fsevents@2.3.3 install node_modules/fsevents node-gyp rebuild
1031 info run fsevents@2.3.3 install { code: 1, signal: null }
1032 verbose reify failed optional dependency /Users/joaomvalente/Downloads/Trabalhos/Bicycle-WebApp/node_modules/fsevents
1033 silly reify mark deleted [
1033 silly reify   '/Users/joaomvalente/Downloads/Trabalhos/Bicycle-WebApp/node_modules/fsevents'
1033 silly reify ]
1034 info run esbuild@0.27.7 postinstall node_modules/esbuild node install.js
1035 info run esbuild@0.27.7 postinstall { code: 0, signal: null }
1036 silly ADD node_modules/util-deprecate
1037 silly ADD node_modules/string_decoder
1038 silly ADD node_modules/safe-buffer
1039 silly ADD node_modules/process-nextick-args
1040 silly ADD node_modules/isarray
1041 silly ADD node_modules/inherits
1042 silly ADD node_modules/core-util-is
1043 silly ADD node_modules/immediate
1044 silly ADD node_modules/setimmediate
1045 silly ADD node_modules/readable-stream
1046 silly ADD node_modules/pako
1047 silly ADD node_modules/lie
1048 silly ADD node_modules/crc-32
1049 silly ADD node_modules/adler-32
1050 silly ADD node_modules/sax
1051 silly ADD node_modules/lodash
1052 silly ADD node_modules/jszip
1053 silly ADD node_modules/cfb
1054 silly ADD node_modules/@types/estree
1055 silly ADD node_modules/@rollup/rollup-darwin-arm64
1056 silly ADD node_modules/source-map-js
1057 silly ADD node_modules/nanoid
1058 silly ADD node_modules/@esbuild/darwin-arm64
1059 silly ADD node_modules/tinyglobby
1060 silly ADD node_modules/rollup
1061 silly ADD node_modules/postcss
1062 silly ADD node_modules/picomatch
1063 silly ADD
1064 silly ADD node_modules/fdir
1065 silly ADD node_modules/esbuild
1066 silly ADD node_modules/escalade
1067 silly ADD node_modules/scheduler
1068 silly ADD node_modules/yallist
1069 silly ADD node_modules/ms
1070 silly ADD node_modules/update-browserslist-db
1071 silly ADD node_modules/node-releases
1072 silly ADD node_modules/electron-to-chromium
1073 silly ADD node_modules/caniuse-lite
1074 silly ADD node_modules/baseline-browser-mapping
1075 silly ADD node_modules/@types/babel__traverse
1076 silly ADD node_modules/@types/babel__template
1077 silly ADD node_modules/@types/babel__generator
1078 silly ADD node_modules/@jridgewell/resolve-uri
1079 silly ADD node_modules/@jridgewell/sourcemap-codec
1080 silly ADD node_modules/@babel/helper-string-parser
1081 silly ADD node_modules/@babel/helper-globals
1082 silly ADD node_modules/@babel/helper-plugin-utils
1083 silly ADD node_modules/@babel/helper-module-imports
1084 silly ADD node_modules/lru-cache
1085 silly ADD node_modules/browserslist
1086 silly ADD node_modules/@babel/helper-validator-option
1087 silly ADD node_modules/@babel/compat-data
1088 silly ADD node_modules/jsesc
1089 silly ADD node_modules/@jridgewell/trace-mapping
1090 silly ADD node_modules/@jridgewell/gen-mapping
1091 silly ADD node_modules/picocolors
1092 silly ADD node_modules/js-tokens
1093 silly ADD node_modules/@babel/helper-validator-identifier
1094 silly ADD node_modules/semver
1095 silly ADD node_modules/json5
1096 silly ADD node_modules/gensync
1097 silly ADD node_modules/debug
1098 silly ADD node_modules/convert-source-map
1099 silly ADD node_modules/@jridgewell/remapping
1100 silly ADD node_modules/@babel/types
1101 silly ADD node_modules/@babel/traverse
1102 silly ADD node_modules/@babel/template
1103 silly ADD node_modules/@babel/parser
1104 silly ADD node_modules/@babel/helpers
1105 silly ADD node_modules/@babel/helper-module-transforms
1106 silly ADD node_modules/@babel/helper-compilation-targets
1107 silly ADD node_modules/@babel/generator
1108 silly ADD node_modules/@babel/code-frame
1109 silly ADD node_modules/react-refresh
1110 silly ADD node_modules/@types/babel__core
1111 silly ADD node_modules/@rolldown/pluginutils
1112 silly ADD node_modules/@babel/plugin-transform-react-jsx-source
1113 silly ADD node_modules/@babel/plugin-transform-react-jsx-self
1114 silly ADD node_modules/@babel/core
1115 silly ADD node_modules/xlsx-populate
1116 silly ADD node_modules/react-dom
1117 silly ADD node_modules/react
1118 silly ADD node_modules/vite
1119 silly ADD node_modules/@vitejs/plugin-react
1120 verbose cwd /Users/joaomvalente/Downloads/Trabalhos/Bicycle-WebApp
1121 verbose os Darwin 25.4.0
1122 verbose node v24.11.1
1123 verbose npm  v11.6.2
1124 notice
1124 notice New minor version of npm available! 11.6.2 -> 11.13.0
1124 notice Changelog: https://github.com/npm/cli/releases/tag/v11.13.0
1124 notice To update run: npm install -g npm@11.13.0
1124 notice  { force: true, Symbol(proc-log.meta): true }
1125 verbose exit 0
1126 info ok
